Phrase,Sujet,Verbe,Objet,type_deplacement,chapitre
"C’ était un homme qui avait dû voyager partout,–   en esprit, tout au moins.",qui,voyager,,Dpt au sens large,1
Ceux qui avaient l’ honneur de le connaître un peu plus que les autres attestaient que– si ce n’ est sur ce chemin direct qu’ il parcourait chaque jour pour venir de sa maison au club– personne ne pouvait prétendre l’ avoir jamais vu ailleurs.,il,venir,de sa maison au club,Dpt au sens large,1
"D’ ailleurs, il faut le remarquer, Mr. Fogg jouait évidemment pour jouer, non pour gagner.",,gagner,,Dpt au sens large,1
"On ne connaissait à Phileas Fogg ni femme ni enfants,–   ce qui peut arriver aux gens les plus honnêtes,–   ni parents ni amis,–   ce qui est plus rare en vérité.",qui,arriver,aux gens les plus honnêtes   ni parents ni amis   ce qui est plus rare en vérité,Dpt au sens large,1
"Phileas Fogg, carrément assis dans son fauteuil, les deux pieds rapprochés comme ceux d’ un soldat à la parade, les mains appuyées sur les genoux, le corps droit, la tête haute, regardait marcher l’ aiguille de la pendule,–   appareil compliqué qui indiquait les heures, les minutes, les secondes, les jours, les quantièmes et l’ année.",Phileas Fogg,marcher,l’ aiguille de la pendule   appareil compliqué,Dpt au sens large,1
"À onze heures et demie sonnant, Mr. Fogg devait, suivant sa quotidienne habitude, quitter la maison et se rendre au Reform - Club.",Mr. Fogg,quitter,la maison,Dpt au sens large,1
"Il comprenait– depuis huit heures du matin, heure réglementaire à laquelle se levait Phileas Fogg, jusqu’ à onze heures et demie, heure à laquelle il quittait sa maison pour aller déjeuner au Reform - Club– tous les détails du service, le thé et les rôties de huit heures vingt-trois, l’ eau pour la barbe de neuf heures trente-sept, la coiffure de dix heures moins vingt,etc. Puis de onze heures et demie du matin à minuit– heure à laquelle se couchait le méthodique gentleman–, tout était noté, prévu, régularisé.",il,aller,,Dpt au sens large,2
"Des inspecteurs de police, gens fort habiles, ont été envoyés en Amérique et en Europe, dans tous les principaux ports d’ embarquement et de débarquement, et il sera difficile à ce monsieur de leur échapper.",,échapper,leur,Dpt au sens large,3
"La liasse de bank - notes ne revint pas, et quand la magnifique horloge, posée au-dessus du«   drawing - office  », sonna à cinq heures la fermeture des bureaux, la Banque d’ Angleterre n’ avait plus qu’ à passer cinquante - cinq mille livres par le compte de profits et pertes.",la Banque d’ Angleterre,passer,cinquante - cinq mille livres,Dpt au sens large,3
"La liasse de bank - notes ne revint pas, et quand la magnifique horloge, posée au-dessus du«   drawing - office  », sonna à cinq heures la fermeture des bureaux, la Banque d’ Angleterre n’ avait plus qu’ à passer cinquante - cinq mille livres par le compte de profits et pertes.",la Banque d’ Angleterre,passer,par le compte de profits et pertes,Dpt au sens large,3
"Puis  :«   À vous de couper, monsieur  », ajouta -t -il en présentant les cartes à Thomas Flanagan.",,couper,,Dynamicité spatiale sans dpt,3
"–   Mais pour ne pas le dépasser, il faut sauter mathématiquement des railways dans les paquebots, et des paquebots dans les chemins de fer  !",,dépasser,le,Dpt au sens large,3
"–   Mais pour ne pas le dépasser, il faut sauter mathématiquement des railways dans les paquebots, et des paquebots dans les chemins de fer  !",,sauter,des railways,Dynamicité spatiale sans dpt,3
"–   Mais pour ne pas le dépasser, il faut sauter mathématiquement des railways dans les paquebots, et des paquebots dans les chemins de fer  !",,sauter,dans les paquebots,Dynamicité spatiale sans dpt,3
"Il n’ avait certainement pas parié pour gagner, et n’ avait engagé ces vingt mille livres– la moitié de sa fortune– que parce qu’ il prévoyait qu’ il pourrait avoir à dépenser l’ autre pour mener à bien ce difficile, pour ne pas dire inexécutable projet.",Il,gagner,,Dpt au sens large,3
"Passepartout, qui avait consciencieusement étudié son programme, fut assez surpris en voyant Mr. Fogg, coupable d’ inexactitude, apparaître à cette heure insolite.",,apparaître,à cette heure insolite,Dpt au sens large,4
"Suivant la notice, le locataire de Saville - row ne devait rentrer qu’ à minuit précis.",le locataire de Saville - row,rentrer,qu’ à minuit précis,Dpt au sens large,4
"Le sac faillit s’ échapper des mains de Passepartout, comme si les vingt mille livres eussent été en or et pesé considérablement.",Le sac,échapper,s’,Dpt au sens large,4
"Le sac faillit s’ échapper des mains de Passepartout, comme si les vingt mille livres eussent été en or et pesé considérablement.",Le sac,échapper,des mains de Passepartout,Dpt au sens large,4
"Mr. Fogg tira de sa poche les vingt guinées qu’ il venait de gagner au whist, et, les présentant à la mendiante  :",il,gagner,au whist,Dpt au sens large,4
"À la rigueur, et en Europe, où il s’ agit de parcours d’ une longueur relativement médiocre, on peut compter sur l’ arrivée des trains à heure fixe  ; mais quand ils emploient trois jours à traverser l’ Inde, sept jours à traverser les États-Unis, pouvait -on fonder sur leur exactitude les éléments d’ un tel problème  ?",ils,traverser,l’ Inde,Dpt au sens large,5
"À la rigueur, et en Europe, où il s’ agit de parcours d’ une longueur relativement médiocre, on peut compter sur l’ arrivée des trains à heure fixe  ; mais quand ils emploient trois jours à traverser l’ Inde, sept jours à traverser les États-Unis, pouvait -on fonder sur leur exactitude les éléments d’ un tel problème  ?",,traverser,les États-Unis,Dpt au sens large,5
"De ces deux hommes, l’ un était l’ agent consulaire du Royaume - Uni, établi à Suez, qui– en dépit des fâcheux pronostics du gouvernement britannique et des sinistres prédictions de l’ ingénieur Stephenson– voyait chaque jour des navires anglais traverser ce canal, abrégeant ainsi de moitié l’ ancienne route de l’ Angleterre aux Indes par le cap de Bonne-Espérance.",qui,traverser,ce canal,Dpt au sens large,6
"Ainsi ayez patience, il ne peut tarder à arriver. Mais je ne sais vraiment pas comment, avec le signalement que vous avez reçu, vous pourrez reconnaître votre homme, s’ il est à bord du Mongolia.",,arriver,,Dpt au sens large,6
"Ainsi ayez patience, il ne peut tarder à arriver. Mais je ne sais vraiment pas comment, avec le signalement que vous avez reçu, vous pourrez reconnaître votre homme, s’ il est à bord du Mongolia.",vous,reconnaître,votre homme,Dynamicité spatiale sans dpt,6
Le temps d’ embarquer son charbon.,,embarquer,son charbon,Dpt au sens large,6
"–   Eh bien, dit Fix, si le voleur a pris cette route et ce bateau, il doit entrer dans son plan de débarquer à Suez, afin de gagner par une autre voie les possessions hollandaises ou françaises de l’ Asie.",il,entrer,dans son plan,Dpt au sens large,6
"–   Eh bien, dit Fix, si le voleur a pris cette route et ce bateau, il doit entrer dans son plan de débarquer à Suez, afin de gagner par une autre voie les possessions hollandaises ou françaises de l’ Asie.",,débarquer,à Suez,Dpt au sens large,6
"–   Eh bien, dit Fix, si le voleur a pris cette route et ce bateau, il doit entrer dans son plan de débarquer à Suez, afin de gagner par une autre voie les possessions hollandaises ou françaises de l’ Asie.",,gagner,par une autre voie,Dpt au sens large,6
"–   Eh bien, dit Fix, si le voleur a pris cette route et ce bateau, il doit entrer dans son plan de débarquer à Suez, afin de gagner par une autre voie les possessions hollandaises ou françaises de l’ Asie.",,gagner,les possessions hollandaises ou françaises de l’ Asie,Dpt au sens large,6
"L’ inspecteur de police demeura seul, pris d’ une impatience nerveuse, avec ce pressentiment assez bizarre que son voleur devait se trouver à bord du Mongolia,–   et en vérité, si ce coquin avait quitté l’ Angleterre avec l’ intention de gagner le Nouveau Monde, la route des Indes, moins surveillée ou plus difficile à surveiller que celle de l’ Atlantique, devait avoir obtenu sa préférence.",,gagner,le Nouveau Monde,Dpt au sens large,6
Quelques - uns restèrent sur le spardeck à contempler le panorama pittoresque de la ville  ; mais la plupart débarquèrent dans les canots qui étaient venus accoster le Mongolia.,qui,accoster,le Mongolia,Dynamicité spatiale sans dpt,6
Un mouvement involontaire faillit lui échapper.,Un mouvement involontaire,échapper,lui,Dpt au sens large,6
"–   Alors, je vais aller chercher mon maître, à qui pourtant cela ne plaira guère de se déranger  !  »",je,aller,,Dpt au sens large,6
"Quant à voir la ville, il n’ y pensait même pas, étant de cette race d’ Anglais qui font visiter par leur domestique les pays qu’ ils traversent.",étant de cette race d’ Anglais,visiter,par leur domestique,Dpt au sens large,7
"Quant à voir la ville, il n’ y pensait même pas, étant de cette race d’ Anglais qui font visiter par leur domestique les pays qu’ ils traversent.",étant de cette race d’ Anglais,visiter,les pays,Dpt au sens large,7
"Figurez -vous, monsieur, que je m’ imaginais ne pas aller plus loin que Paris, et cette fameuse capitale, je l’ ai revue tout juste de sept heures vingt du matin à huit heures quarante, entre la gare du Nord et la gare de Lyon, à travers les vitres d’ un fiacre et par une pluie battante  !",je,aller,,Dpt au sens large,8
"–   Moi  ! toucher à ma montre  ! s’ écria Passepartout, jamais  !",Moi,toucher,à ma montre,Dynamicité spatiale sans dpt,8
"Ce départ précipité de Londres, peu de temps après le vol, cette grosse somme emportée, cette hâte d’ arriver en des pays lointains, ce prétexte d’ un pari excentrique, tout confirmait et devait confirmer Fix dans ses idées.",,arriver,en des pays lointains,Dpt au sens large,8
Il se fait passer pour un excentrique qui veut faire le tour du monde en quatre-vingts jours.,Il,passer,se,Dpt au sens large,8
Il se fait passer pour un excentrique qui veut faire le tour du monde en quatre-vingts jours.,Il,passer,pour un excentrique,Dpt au sens large,8
"–   Alors c’ est un malin, répondit le consul, et il compte revenir à Londres, après avoir dépisté toutes les polices des deux continents  !",il,revenir,à Londres,Dpt au sens large,8
"–   Lancer une dépêche à Londres avec demande instante de m’ adresser un mandat d’ arrestation à Bombay, m’ embarquer sur le Mongolia, filer mon voleur jusqu’ aux Indes, et là, sur cette terre anglaise, l’ accoster poliment, mon mandat à la main et la main sur l’ épaule.  »",,embarquer,m’,Dpt au sens large,8
"–   Lancer une dépêche à Londres avec demande instante de m’ adresser un mandat d’ arrestation à Bombay, m’ embarquer sur le Mongolia, filer mon voleur jusqu’ aux Indes, et là, sur cette terre anglaise, l’ accoster poliment, mon mandat à la main et la main sur l’ épaule.  »",,embarquer,sur le Mongolia,Dpt au sens large,8
"–   Lancer une dépêche à Londres avec demande instante de m’ adresser un mandat d’ arrestation à Bombay, m’ embarquer sur le Mongolia, filer mon voleur jusqu’ aux Indes, et là, sur cette terre anglaise, l’ accoster poliment, mon mandat à la main et la main sur l’ épaule.  »",,accoster,sur cette terre anglaise,Dynamicité spatiale sans dpt,8
"–   Lancer une dépêche à Londres avec demande instante de m’ adresser un mandat d’ arrestation à Bombay, m’ embarquer sur le Mongolia, filer mon voleur jusqu’ aux Indes, et là, sur cette terre anglaise, l’ accoster poliment, mon mandat à la main et la main sur l’ épaule.  »",,accoster,l’,Dynamicité spatiale sans dpt,8
"–   Lancer une dépêche à Londres avec demande instante de m’ adresser un mandat d’ arrestation à Bombay, m’ embarquer sur le Mongolia, filer mon voleur jusqu’ aux Indes, et là, sur cette terre anglaise, l’ accoster poliment, mon mandat à la main et la main sur l’ épaule.  »",,accoster,mon mandat à la main,Dynamicité spatiale sans dpt,8
"La distance entre Suez et Aden est exactement de treize cent dix milles, et le cahier des charges de la Compagnie alloue à ses paquebots un laps de temps de cent trente-huit heures pour la franchir. Le Mongolia, dont les feux étaient activement poussés, marchait de manière à devancer l’ arrivée réglementaire.",le cahier des charges de la Compagnie,franchir,la,Dpt au sens large,9
"Les uns se rendaient à Bombay, les autres à Calcutta, mais via Bombay, car depuis qu’ un chemin de fer traverse dans toute sa largeur la péninsule indienne, il n’ est plus nécessaire de doubler la pointe de Ceylan.",,doubler,la pointe de Ceylan,Dpt au sens large,9
"Aucunement, ou tout au moins, si ce gentleman songeait à ces éventualités, il n’ en laissait rien paraître.",il,paraître,,Dpt au sens large,9
"Il ne venait pas reconnaître les curieuses villes semées sur ses bords, et dont la pittoresque silhouette se découpait quelquefois à l’ horizon.",Il,reconnaître,les curieuses villes,Dynamicité spatiale sans dpt,9
"–   Mais… oui…, répondit Fix, qui ne voulait pas trop s’ avancer.",qui,avancer,s’,Dpt au sens large,9
Mais il faut espérer que vous aurez le temps de visiter le pays  ?,vous,visiter,le pays,Dpt au sens large,9
"Vous comprenez bien qu’ il n’ est pas permis à un homme sain d’ esprit de passer sa vie à sauter d’ un paquebot dans un chemin de fer et d’ un chemin de fer dans un paquebot, sous prétexte de faire le tour du monde en quatre-vingts jours  !",il,passer,sa vie,Dpt au sens large,9
"Vous comprenez bien qu’ il n’ est pas permis à un homme sain d’ esprit de passer sa vie à sauter d’ un paquebot dans un chemin de fer et d’ un chemin de fer dans un paquebot, sous prétexte de faire le tour du monde en quatre-vingts jours  !",,sauter,d’ un paquebot,Dynamicité spatiale sans dpt,9
"Vous comprenez bien qu’ il n’ est pas permis à un homme sain d’ esprit de passer sa vie à sauter d’ un paquebot dans un chemin de fer et d’ un chemin de fer dans un paquebot, sous prétexte de faire le tour du monde en quatre-vingts jours  !",,sauter,dans un chemin de fer et d’ un chemin de fer,Dynamicité spatiale sans dpt,9
"Vous comprenez bien qu’ il n’ est pas permis à un homme sain d’ esprit de passer sa vie à sauter d’ un paquebot dans un chemin de fer et d’ un chemin de fer dans un paquebot, sous prétexte de faire le tour du monde en quatre-vingts jours  !",,sauter,dans un paquebot,Dynamicité spatiale sans dpt,9
"Le Mongolia avait encore seize cent cinquante milles à faire avant d’ atteindre Bombay, et il devait rester quatre heures à Steamer - Point, afin de remplir ses soutes.",,atteindre,Bombay,Dpt au sens large,9
"Le Mongolia avait encore seize cent cinquante milles à faire avant d’ atteindre Bombay, et il devait rester quatre heures à Steamer - Point, afin de remplir ses soutes.",,remplir,ses soutes,Dynamicité spatiale sans dpt,9
"D’ ailleurs le Mongolia, au lieu d’ arriver à Aden le 15 octobre seulement au matin, y entrait le 14 au soir.",,arriver,à Aden,Dpt au sens large,9
"D’ ailleurs le Mongolia, au lieu d’ arriver à Aden le 15 octobre seulement au matin, y entrait le 14 au soir.",,arriver,le 15 octobre seulement au matin,Dpt au sens large,9
"Je m’ aperçois qu’ il n’ est pas inutile de voyager, si l’ on veut voir du nouveau.  »",,voyager,,Dpt au sens large,9
Le Mongolia ne devait arriver que le 22 octobre à Bombay.,Le Mongolia,arriver,que le 22 octobre,Dpt au sens large,9
Le Mongolia ne devait arriver que le 22 octobre à Bombay.,Le Mongolia,arriver,à Bombay,Dpt au sens large,9
"La distance à vol d’ oiseau n’ est que de mille à onze cents milles, et des trains, animés d’ une vitesse moyenne seulement, n’ emploieraient pas trois jours à la franchir  ; mais cette distance est accrue d’ un tiers, au moins, par la corde que décrit le railway en s’ élevant jusqu’ à Allahabad dans le nord de la péninsule.",des trains,franchir,la,Dpt au sens large,10
"Il fit reconnaître sa qualité de détective, la mission dont il était chargé, sa situation vis-à-vis de l’ auteur présumé du vol.",,reconnaître,sa qualité de détective la mission sa situation vis-à-vis de l’ auteur présumé du vol,Dynamicité spatiale sans dpt,10
"Il ne doutait pas que Phileas Fogg n’ y séjournât, et, on le sait, c’ était aussi la conviction de Passepartout,–   ce qui laisserait au mandat d’ arrêt le temps d’ arriver.",qui,arriver,,Dpt au sens large,10
"En effet, après avoir entrevu ce carnaval parsi, Passepartout se dirigeait vers la gare, quand, passant devant l’ admirable pagode de Malebar - Hill, il eut la malencontreuse idée d’ en visiter l’ intérieur.",,visiter,en,Dpt au sens large,10
"En effet, après avoir entrevu ce carnaval parsi, Passepartout se dirigeait vers la gare, quand, passant devant l’ admirable pagode de Malebar - Hill, il eut la malencontreuse idée d’ en visiter l’ intérieur.",,visiter,l’ intérieur,Dpt au sens large,10
"Il ignorait deux choses  : d’ abord que l’ entrée de certaines pagodes indoues est formellement interdite aux chrétiens, et ensuite que les croyants eux - mêmes ne peuvent y pénétrer sans avoir laissé leurs chaussures à la porte.",les croyants eux - mêmes,pénétrer,y,Dpt au sens large,10
"Ayant suivi le sieur Fogg à la gare, il avait compris que ce coquin allait quitter Bombay.",ce coquin,quitter,Bombay,Dpt au sens large,10
"Fix allait monter dans un wagon séparé, quand une pensée le retint et modifia subitement son projet de départ.",Fix,monter,dans un wagon,Dpt au sens large,10
"–   Parce que le chemin de fer s’ arrêtait à la base de ces montagnes, qu’ il fallait traverser en palanquin ou à dos de poney jusqu’ à la station de Kandallah, située sur le versant opposé.",,traverser,en palanquin ou à dos de poney,Dpt au sens large,11
"–   Parce que le chemin de fer s’ arrêtait à la base de ces montagnes, qu’ il fallait traverser en palanquin ou à dos de poney jusqu’ à la station de Kandallah, située sur le versant opposé.",,traverser,jusqu’ à la station de Kandallah,Dpt au sens large,11
"Puis, d’ immenses étendues de terrain se dessinaient à perte de vue, des jungles où ne manquaient ni les serpents ni les tigres qu’ épouvantaient les hennissements du train, et enfin des forêts, fendues par le tracé de la voie, encore hantées d’ éléphants, qui, d’ un œil pensif, regardaient passer le convoi échevelé.",qui,passer,le convoi,Dpt au sens large,11
"Ces assassins, unis dans une association insaisissable, étranglaient, en l’ honneur de la déesse de la Mort, des victimes de tout âge, sans jamais verser de sang, et il fut un temps où l’ on ne pouvait fouiller un endroit quelconque de ce sol sans y trouver un cadavre.",Ces assassins,verser,de sang,Dynamicité spatiale sans dpt,11
"Ces assassins, unis dans une association insaisissable, étranglaient, en l’ honneur de la déesse de la Mort, des victimes de tout âge, sans jamais verser de sang, et il fut un temps où l’ on ne pouvait fouiller un endroit quelconque de ce sol sans y trouver un cadavre.",l’,fouiller,un endroit quelconque de ce sol,Dynamicité spatiale sans dpt,11
"Les voyageurs déjeunèrent rapidement, et repartirent pour la station d’ Assurghur, après avoir un instant côtoyé la rive du Tapty, petit fleuve qui va se jeter dans le golfe de Cambaye, près de Surate.",qui,jeter,se,Dpt au sens large,11
"Les voyageurs déjeunèrent rapidement, et repartirent pour la station d’ Assurghur, après avoir un instant côtoyé la rive du Tapty, petit fleuve qui va se jeter dans le golfe de Cambaye, près de Surate.",qui,jeter,dans le golfe de Cambaye près de Surate,Dpt au sens large,11
"Il retrouvait les idées fantaisistes de sa jeunesse, il prenait au sérieux les projets de son maître, il croyait à la réalité du pari, conséquemment à ce tour du monde et à ce maximum de temps, qu’ il ne fallait pas dépasser.",,dépasser,,Dpt au sens large,11
"Déjà même, il s’ inquiétait des retards possibles, des accidents qui pouvaient survenir en route.",qui,survenir,en route,Dpt au sens large,11
"Que l’ entêté garçon eût compris ou non l’ observation du brigadier général, il s’ obstina à ne pas avancer sa montre, qu’ il maintint invariablement à l’ heure de Londres.",il,avancer,sa montre,Dpt au sens large,11
"«  Sir Francis, dit simplement Mr. Fogg, nous allons, si vous le voulez bien, aviser au moyen de gagner Allahabad.",,gagner,Allahabad,Dpt au sens large,11
"Les journaux sont comme certaines montres qui ont la manie d’ avancer, et ils avaient prématurément annoncé l’ achèvement de la ligne.",,avancer,,Dpt au sens large,11
"Ce traitement peut paraître impropre à donner un tel résultat, mais il n’ en est pas moins employé avec succès par les éleveurs.",Ce traitement,paraître,,Dpt au sens large,11
Sir Francis Cromarty prit Mr. Fogg à part et l’ engagea à réfléchir avant d’ aller plus loin.,,aller,,Dpt au sens large,11
"Mr. Fogg accepta et lui promit une forte rémunération, qui ne pouvait que doubler son intelligence.",qui,doubler,son intelligence,Dpt au sens large,11
"Le guide, afin d’ abréger la distance à parcourir, laissa sur sa droite le tracé de la voie dont les travaux étaient en cours d’ exécution.",,parcourir,,Dpt au sens large,12
"Le Parsi, très familiarisé avec les routes et sentiers du pays, prétendait gagner une vingtaine de milles en coupant à travers la forêt, et on s’ en rapporta à lui.",Le Parsi,gagner,une vingtaine de milles,Dpt au sens large,12
"La domination des Anglais n’ a pu s’ établir régulièrement sur un territoire soumis à l’ influence des rajahs, qu’ il eût été difficile d’ atteindre dans leurs inaccessibles retraites des Vindhias.",,atteindre,dans leurs inaccessibles retraites des Vindhias,Dpt au sens large,12
"Plusieurs fois, on aperçut des bandes d’ Indiens farouches, qui faisaient un geste de colère en voyant passer le rapide quadrupède.",,passer,,Dpt au sens large,12
"La distance parcourue pendant cette journée était d’ environ vingt-cinq milles, et il en restait autant à faire pour atteindre la station d’ Allahabad.",,atteindre,la station d’ Allahabad,Dpt au sens large,12
Le guide espérait arriver à la station d’ Allahabad le soir même.,Le guide,arriver,à la station d’ Allahabad,Dpt au sens large,12
Le guide espérait arriver à la station d’ Allahabad le soir même.,Le guide,arriver,le soir même,Dpt au sens large,12
"À deux heures, le guide entra sous le couvert d’ une épaisse forêt, qu’ il devait traverser sur un espace de plusieurs milles.",il,traverser,sur un espace de plusieurs milles,Dpt au sens large,12
Il préférait voyager ainsi à l’ abri des bois.,Il,voyager,à l’ abri des bois,Dpt au sens large,12
"Lui - même se tint prêt à enfourcher rapidement sa monture, si la fuite devenait nécessaire.",,enfourcher,sa monture,Dynamicité spatiale sans dpt,12
"Autour de la statue s’ agitait, se démenait, se convulsionnait un groupe de vieux fakirs, zébrés de bandes d’ ocre, couverts d’ incisions cruciales qui laissaient échapper leur sang goutte à goutte, énergumènes stupides qui, dans les grandes cérémonies indoues, se précipitent encore sous les roues du char de Jaggernaut.",qui,échapper,,Dpt au sens large,12
"Ainsi, il y a quelques années, je résidais à Bombay, quand une jeune veuve vint demander au gouverneur l’ autorisation de se brûler avec le corps de son mari.",,brûler,se,Dpt au sens large,12
"Ainsi, il y a quelques années, je résidais à Bombay, quand une jeune veuve vint demander au gouverneur l’ autorisation de se brûler avec le corps de son mari.",,brûler,avec le corps de son mari,Dpt au sens large,12
"Après cette réponse, le guide fit sortir l’ éléphant de l’ épais fourré et se hissa sur le cou de l’ animal.",,sortir,Après cette réponse,Dpt au sens large,12
"Après cette réponse, le guide fit sortir l’ éléphant de l’ épais fourré et se hissa sur le cou de l’ animal.",,sortir,l’ éléphant,Dpt au sens large,12
"Après cette réponse, le guide fit sortir l’ éléphant de l’ épais fourré et se hissa sur le cou de l’ animal.",,sortir,de l’ épais fourré,Dpt au sens large,12
"Sachant le sort qui l’ attendait, elle s’ échappa, fut reprise aussitôt, et les parents du rajah, qui avaient intérêt à sa mort, la vouèrent à ce supplice auquel il ne semblait pas qu’ elle pût échapper.",elle,échapper,,Dpt au sens large,13
Les moyens de parvenir jusqu’ à la victime furent alors discutés.,,parvenir,jusqu’ à la victime,Dpt au sens large,13
"Pourrait -on y pénétrer par une des portes, quand toute la bande serait plongée dans le sommeil de l’ ivresse, ou faudrait -il pratiquer un trou dans une muraille  ?",-on,pénétrer,y,Dpt au sens large,13
"Pourrait -on y pénétrer par une des portes, quand toute la bande serait plongée dans le sommeil de l’ ivresse, ou faudrait -il pratiquer un trou dans une muraille  ?",-on,pénétrer,par une des portes,Dpt au sens large,13
Il fallait donc agir autrement et pénétrer par une ouverture pratiquée aux murailles de la pagode.,,pénétrer,par une ouverture,Dpt au sens large,13
"Ils firent un détour assez long, afin d’ atteindre la pagode par son chevet.",,atteindre,la pagode,Dpt au sens large,13
"Ils firent un détour assez long, afin d’ atteindre la pagode par son chevet.",,atteindre,par son chevet,Dpt au sens large,13
"Très heureusement, les parois du temple se composaient d’ un mélange de briques et de bois qui ne pouvait être difficile à percer.",,percer,,Dpt au sens large,13
"Maintenant qu’ ils ne pouvaient plus parvenir jusqu’ à la victime, comment la sauveraient -ils  ?",ils,parvenir,jusqu’ à la victime,Dpt au sens large,13
"Dans quelques heures le jour va paraître, et…",le jour,paraître,,Dpt au sens large,13
"Il leur sembla même que, secouant l’ engourdissement de l’ ivresse par un suprême instinct de conservation, la malheureuse tentait d’ échapper à ses bourreaux.",la malheureuse,échapper,à ses bourreaux,Dpt au sens large,13
"Le vieux rajah n’ était donc pas mort, qu’ on le vît se redresser tout à coup, comme un fantôme, soulever la jeune femme dans ses bras, descendre du bûcher au milieu des tourbillons de vapeurs qui lui donnaient une apparence spectrale  ?",,descendre,du bûcher,Dpt au sens large,13
"Le vieux rajah n’ était donc pas mort, qu’ on le vît se redresser tout à coup, comme un fantôme, soulever la jeune femme dans ses bras, descendre du bûcher au milieu des tourbillons de vapeurs qui lui donnaient une apparence spectrale  ?",,descendre,au milieu des tourbillons de vapeurs,Dpt au sens large,13
"Phileas Fogg devait donc arriver à temps pour prendre un paquebot qui ne partait que le lendemain seulement, 25 octobre, à midi, pour Hong - Kong.",Phileas Fogg,arriver,à temps,Dpt au sens large,14
"Passepartout fut chargé d’ aller acheter pour elle divers objets de toilette, robe, châle, fourrures, etc., ce qu’ il trouverait.",Passepartout,aller,,Dpt au sens large,14
Aouda commençait à revenir à elle.,Aouda,revenir,à elle,Dpt au sens large,14
"Sa mince et souple ceinture, qu’ une main suffit à enserrer, rehausse l’ élégante cambrure de ses reins arrondis et la richesse de son buste où la jeunesse en fleur étale ses plus parfaits trésors, et, sous les plis soyeux de sa tunique, elle semble avoir été modelée en argent pur de la main divine de Vicvacarma, l’ éternel statuaire.  »",une main,enserrer,,Dynamicité spatiale sans dpt,14
Cependant le train allait quitter la station d’ Allahabad.,le train,quitter,la station d’ Allahabad,Dpt au sens large,14
"Mr. Fogg lui régla son salaire au prix convenu, sans le dépasser d’ un farthing.",Mr. Fogg,dépasser,le,Dpt au sens large,14
"Mr. Fogg lui régla son salaire au prix convenu, sans le dépasser d’ un farthing.",Mr. Fogg,dépasser,d’ un farthing,Dpt au sens large,14
"Puis la nuitvintet, au milieudes hurlements des tigres,des ours,des loups quifuyaient devant la locomotive, le trainpassa àtoute vitesse,etonn’aperçutplusriendes merveilles du Bengale,ni Golgonde,ni Gour enruine,ni Mourshedabad,quifut autrefoiscapitale,ni Burdwan,ni Hougly,ni Chandernagor,ce point français du territoire indien sur lequel Passepartout eût été fier de voir flotter le drapeau de sa patrie  !",,flotter,,Dynamicité spatiale sans dpt,14
"D’ après son itinéraire, ce gentleman devait arriver dans la capitale des Indes le 25 octobre, vingt-trois jours après avoir quitté Londres, et il y arrivait au jour fixé. Il n’ avait donc ni retard ni avance.",ce gentleman,arriver,dans la capitale des Indes,Dpt au sens large,14
"D’ après son itinéraire, ce gentleman devait arriver dans la capitale des Indes le 25 octobre, vingt-trois jours après avoir quitté Londres, et il y arrivait au jour fixé. Il n’ avait donc ni retard ni avance.",ce gentleman,arriver,le 25 octobre,Dpt au sens large,14
"D’ après son itinéraire, ce gentleman devait arriver dans la capitale des Indes le 25 octobre, vingt-trois jours après avoir quitté Londres, et il y arrivait au jour fixé. Il n’ avait donc ni retard ni avance.",ce gentleman,arriver,vingt-trois jours,Dpt au sens large,14
"Aouda, qu’ il ne voulait pas quitter, tant qu’ elle serait en ce pays si dangereux pour elle.",il,quitter,,Dpt au sens large,15
"Au moment où Mr. Fogg allait sortir de la gare, un policeman s’ approcha de lui et dit  :",Mr. Fogg,sortir,de la gare,Dpt au sens large,15
–   Veuillez me suivre tous les deux.  »,,suivre,me,Dpt au sens large,15
–   Veuillez me suivre tous les deux.  »,,suivre,tous les deux,Dpt au sens large,15
"Le policeman fit descendre ses prisonniers– on pouvait vraiment leur donner ce nom–, et il les conduisit dans une chambre aux fenêtres grillées, en leur disant  :",Le policeman,descendre,ses prisonniers,Dpt au sens large,15
"«  Allons  ! nous sommes pris  !  » s’ écria Passepartout, en se laissant aller sur une chaise.",,aller,,Dpt au sens large,15
"«  Monsieur, il faut m’ abandonner  !",,abandonner,m’,Dpt au sens large,15
"Pendant ces préliminaires, Passepartout bouillait d’ impatience, car l’ aiguille lui paraissait marcher terriblement vite sur le cadran de la grosse horloge du prétoire.",l’ aiguille,marcher,sur le cadran de la grosse horloge du prétoire,Dpt au sens large,15
–   Bien  ! faites entrer les plaignants.  »,,entrer,les plaignants,Dpt au sens large,15
"«  C’ est bien cela  ! murmura Passepartout, ce sont ces coquins qui voulaient brûler notre jeune dame  !  »",qui,brûler,notre jeune dame,Dpt au sens large,15
"«  Sans doute  ! s’ écria impétueusement Passepartout, à cette pagode de Pillaji, devant laquelle ils allaient brûler leur victime  !  »",ils,brûler,leur victime,Dpt au sens large,15
Brûler qui  !,,Brûler,,Dpt au sens large,15
"Quelle fut donc sa joie quand, ce matin même, il le vit descendre du wagon, en compagnie, il est vrai, d’ une jeune femme dont il ne pouvait s’ expliquer la présence.",il,descendre,du wagon,Dpt au sens large,15
"Quelle fut donc sa joie quand, ce matin même, il le vit descendre du wagon, en compagnie, il est vrai, d’ une jeune femme dont il ne pouvait s’ expliquer la présence.",il,descendre,en compagnie,Dpt au sens large,15
"Phileas Fogg retenu huit jours à Calcutta, c’ était plus qu’ il n’ en fallait pour donner au mandat le temps de lui arriver.",,arriver,lui,Dpt au sens large,15
Fix espérait encore que son voleur ne se déciderait jamais à abandonner cette somme de deux mille livres et qu’ il ferait ses huit jours de prison.,son voleur,abandonner,cette somme de deux mille livres,Dpt au sens large,15
Fix le vit descendre de voiture et s’ embarquer dans un canot avec Mrs.,Fix,descendre,de voiture,Dpt au sens large,15
Fix le vit descendre de voiture et s’ embarquer dans un canot avec Mrs.,Fix,embarquer,s’,Dpt au sens large,15
Fix le vit descendre de voiture et s’ embarquer dans un canot avec Mrs.,Fix,embarquer,dans un canot,Dpt au sens large,15
Fix le vit descendre de voiture et s’ embarquer dans un canot avec Mrs.,Fix,embarquer,avec Mrs,Dpt au sens large,15
"C’ était même un cousin de Sir Jejeebhoy, l’ honorable Jejeeh, qu’ elle comptait rejoindre à Hong - Kong.",elle,rejoindre,à Hong,Dpt au sens large,16
"C’ était même un cousin de Sir Jejeebhoy, l’ honorable Jejeeh, qu’ elle comptait rejoindre à Hong - Kong.",elle,rejoindre,-,Dpt au sens large,16
"C’ était même un cousin de Sir Jejeebhoy, l’ honorable Jejeeh, qu’ elle comptait rejoindre à Hong - Kong.",elle,rejoindre,Kong,Dpt au sens large,16
"Mais l’ intraitable Fogg, aussi boutonné que jamais, ne semblait point homme à se jeter dans ce lac.",l’ intraitable Fogg,jeter,se,Dpt au sens large,16
"Mais l’ intraitable Fogg, aussi boutonné que jamais, ne semblait point homme à se jeter dans ce lac.",l’ intraitable Fogg,jeter,dans ce lac,Dpt au sens large,16
"Au départ de Calcutta, après avoir laissé des instructions pour que le mandat, s’ il arrivait enfin, lui fût adressé à Hong - Kong, il avait pu s’ embarquer à bord du Rangoon sans avoir été aperçu de Passepartout, et il espérait bien dissimuler sa présence jusqu’ à l’ arrivée du paquebot.",il,embarquer,s’,Dpt au sens large,16
"Au départ de Calcutta, après avoir laissé des instructions pour que le mandat, s’ il arrivait enfin, lui fût adressé à Hong - Kong, il avait pu s’ embarquer à bord du Rangoon sans avoir été aperçu de Passepartout, et il espérait bien dissimuler sa présence jusqu’ à l’ arrivée du paquebot.",il,embarquer,à bord du Rangoon,Dpt au sens large,16
"De là retards, lenteurs, obstacles de toute nature, dont le coquin profiterait pour échapper définitivement.",le coquin,échapper,,Dpt au sens large,16
"Ce voyage à travers l’ Inde, au contraire, n’ avait -il pas été entrepris par ce gentleman dans le but de rejoindre cette charmante personne  ? car elle était charmante  !",,rejoindre,cette charmante personne,Dpt au sens large,16
"Ce Fogg avait la détestable habitude de sauter d’ un bateau dans un autre, et, avant que l’ affaire fût entamée, il pouvait être déjà loin.",,sauter,d’ un bateau,Dynamicité spatiale sans dpt,16
"Ce Fogg avait la détestable habitude de sauter d’ un bateau dans un autre, et, avant que l’ affaire fût entamée, il pouvait être déjà loin.",,sauter,dans un autre,Dynamicité spatiale sans dpt,16
"Donc, ce jour -là, Fix, sortant de sa cabine, monta sur le pont, dans l’ intention d’ aborder Passepartout«   le premier  » avec les marques de la plus extrême surprise.",,aborder,Passepartout,Dynamicité spatiale sans dpt,16
"Fix, qui connaissait la dernière partie de ces incidents, semblait les ignorer tous, et Passepartout se laissait aller au charme de narrer ses aventures devant un auditeur qui lui marquait tant d’ intérêt.",Passepartout,aller,au charme,Dpt au sens large,16
"Phileas Fogg avait intérêt à les franchir en six jours au plus, afin de prendre à Hong - Kong le bateau qui devait partir le 6 novembre pour Yokohama, l’ un des principaux ports du Japon.",Phileas Fogg,franchir,les,Dpt au sens large,17
"Phileas Fogg avait intérêt à les franchir en six jours au plus, afin de prendre à Hong - Kong le bateau qui devait partir le 6 novembre pour Yokohama, l’ un des principaux ports du Japon.",Phileas Fogg,franchir,en six jours,Dpt au sens large,17
"Ces navires sont donc très inférieurs– sinon par le moteur et l’ appareil évaporatoire, du moins par la construction,–   aux types des Messageries françaises, tels que l’ Impératrice et le Cambodge. Tandis que, suivant les calculs des ingénieurs, ceux - ci peuvent embarquer un poids d’ eau égal à leur propre poids avant de sombrer, les bateaux de la Compagnie péninsulaire, le Golgonda, le Corea, et enfin le Rangoon, ne pourraient pas embarquer le sixième de leur poids sans couler par le fond.",ceux,embarquer,un poids d’ eau égal à leur propre poids,Dpt au sens large,17
"Ces navires sont donc très inférieurs– sinon par le moteur et l’ appareil évaporatoire, du moins par la construction,–   aux types des Messageries françaises, tels que l’ Impératrice et le Cambodge. Tandis que, suivant les calculs des ingénieurs, ceux - ci peuvent embarquer un poids d’ eau égal à leur propre poids avant de sombrer, les bateaux de la Compagnie péninsulaire, le Golgonda, le Corea, et enfin le Rangoon, ne pourraient pas embarquer le sixième de leur poids sans couler par le fond.",,sombrer,,Dpt au sens large,17
"Ces navires sont donc très inférieurs– sinon par le moteur et l’ appareil évaporatoire, du moins par la construction,–   aux types des Messageries françaises, tels que l’ Impératrice et le Cambodge. Tandis que, suivant les calculs des ingénieurs, ceux - ci peuvent embarquer un poids d’ eau égal à leur propre poids avant de sombrer, les bateaux de la Compagnie péninsulaire, le Golgonda, le Corea, et enfin le Rangoon, ne pourraient pas embarquer le sixième de leur poids sans couler par le fond.",les bateaux de la Compagnie péninsulaire le Golgonda le Corea et enfin le Rangoon,embarquer,le sixième de leur poids,Dpt au sens large,17
Peut - être aussi la pensée de ce bec de gaz qui continuait de brûler à son compte dans la maison de Saville - row entrait -elle pour beaucoup dans son impatience.,qui,brûler,à son compte,Dpt au sens large,17
Peut - être aussi la pensée de ce bec de gaz qui continuait de brûler à son compte dans la maison de Saville - row entrait -elle pour beaucoup dans son impatience.,qui,brûler,dans la maison de Saville - row,Dpt au sens large,17
«  Mais vous êtes donc bien pressé d’ arriver à Hong - Kong  ? lui demanda un jour le détective.,vous,arriver,à Hong,Dpt au sens large,17
«  Mais vous êtes donc bien pressé d’ arriver à Hong - Kong  ? lui demanda un jour le détective.,vous,arriver,-,Dpt au sens large,17
«  Mais vous êtes donc bien pressé d’ arriver à Hong - Kong  ? lui demanda un jour le détective.,vous,arriver,Kong,Dpt au sens large,17
"Mais sa qualité de détective, dont seul il avait le secret, comment Passepartout aurait -il pu la reconnaître  ?",sa qualité de détective,reconnaître,la,Dynamicité spatiale sans dpt,17
"S’ il ne se trouvait pas dans les conditions voulues pour arrêter Fogg à Hong - Kong, et si Fogg se préparait à quitter définitivement cette fois le territoire anglais, lui, Fix, dirait tout à Passepartout.",Fogg,quitter,cette fois,Dpt au sens large,17
"S’ il ne se trouvait pas dans les conditions voulues pour arrêter Fogg à Hong - Kong, et si Fogg se préparait à quitter définitivement cette fois le territoire anglais, lui, Fix, dirait tout à Passepartout.",Fogg,quitter,le territoire anglais,Dpt au sens large,17
"Ou le domestique était le complice de son maître– et celui-ci savait tout, et dans ce cas l’ affaire était définitivement compromise– ou le domestique n’ était pour rien dans le vol, et alors son intérêt serait d’ abandonner le voleur.",son intérêt,abandonner,le voleur,Dpt au sens large,17
"Quant aux préoccupations que les chances de ce voyage pouvaient faire naître en lui, il n’ y en avait pas trace.",les chances de ce voyage,naître,en lui,Dpt au sens large,17
"Sa satisfaction aurait même été sans bornes, si le Rangoon eût été obligé de fuir devant la tourmente.",le Rangoon,fuir,devant la tourmente,Dpt au sens large,18
"Passepartout, comme si les vingt mille livres du pari eussent dû sortir de sa bourse, ne vivait plus.",Passepartout,sortir,de sa bourse,Dpt au sens large,18
"On le renvoyait alors au baromètre, qui ne se décidait pas à remonter.",qui,remonter,,Dpt au sens large,18
Mais on ne pouvait regagner tout le temps perdu.,on,regagner,tout le temps,Dpt au sens large,18
"Évidemment il y aurait vingt-quatre heures de retard à Yokohama, mais, pendant les vingt-deux jours que dure la traversée du Pacifique, il serait facile de les regagner.",,regagner,les,Dpt au sens large,18
Revenir en Europe.,,Revenir,en Europe,Dpt au sens large,18
"Des docks, des hôpitaux, des wharfs, des entrepôts, une cathédrale gothique, un«   government - house  », des rues macadamisées, tout ferait croire qu’ une des cités commerçantes des comtés de Kent ou de Surrey, traversant le sphéroïde terrestre, est venue ressortir en ce point de la Chine, presque à ses antipodes.",une des cités commerçantes des comtés de Kent ou de Surrey,ressortir,en ce point de la Chine,Dpt au sens large,19
"Des docks, des hôpitaux, des wharfs, des entrepôts, une cathédrale gothique, un«   government - house  », des rues macadamisées, tout ferait croire qu’ une des cités commerçantes des comtés de Kent ou de Surrey, traversant le sphéroïde terrestre, est venue ressortir en ce point de la Chine, presque à ses antipodes.",une des cités commerçantes des comtés de Kent ou de Surrey,ressortir,presque à ses antipodes,Dpt au sens large,19
"Étant entré chez un barbier chinois pour se faire raser«   à la chinoise  », il apprit par le Figaro de l’ endroit, qui parlait un assez bon anglais, que ces vieillards avaient tous quatre-vingts ans au moins, et qu’ à cet âge ils avaient le privilège de porter la couleur jaune, qui est la couleur impériale.",,raser,se,Dynamicité spatiale sans dpt,19
"Il était évident que le mandat courait après lui, et ne pourrait l’ atteindre que s’ il séjournait quelques jours en cette ville.",,atteindre,l’,Dpt au sens large,19
"Or, Hong - Kong étant la dernière terre anglaise du parcours, le sieur Fogg allait lui échapper définitivement, s’ il ne parvenait pas à l’ y retenir.",le sieur Fogg,échapper,lui,Dpt au sens large,19
"«  Eh bien, monsieur Fix, êtes -vous décidé à venir avec nous jusqu’ en Amérique  ? demanda Passepartout.",,venir,avec nous,Dpt au sens large,19
"«  Eh bien, monsieur Fix, êtes -vous décidé à venir avec nous jusqu’ en Amérique  ? demanda Passepartout.",,venir,jusqu’ en Amérique,Dpt au sens large,19
"Hommes et femmes s’ adonnent à cette passion déplorable, et lorsqu’ ils sont accoutumés à cette inhalation, ils ne peuvent plus s’ en passer, à moins d’ éprouver d’ horribles contractions de l’ estomac.",ils,passer,s’,Dpt au sens large,19
"Hommes et femmes s’ adonnent à cette passion déplorable, et lorsqu’ ils sont accoutumés à cette inhalation, ils ne peuvent plus s’ en passer, à moins d’ éprouver d’ horribles contractions de l’ estomac.",ils,passer,en,Dpt au sens large,19
"Et à propos de ce steamer, dont le départ se trouvait avancé de quelques heures, Passepartout, les bouteilles étant vides, se leva, afin d’ aller prévenir son maître.",,aller,,Dpt au sens large,19
"Comment  ! non content de faire suivre mon maître, de suspecter sa loyauté, ces gentlemen veulent encore lui susciter des obstacles  !",,suivre,mon maître,Dpt au sens large,19
–   Eh  ! c’ est bien à cela que nous comptons arriver  !,nous,arriver,,Dpt au sens large,19
"Sachez, monsieur Fix, que mon maître est un honnête homme, et que, quand il a fait un pari, c’ est loyalement qu’ il prétend le gagner.",il,gagner,le,Dpt au sens large,19
"–   Jamais  !  » répondit Passepartout, qui voulut se lever et retomba, sentant sa raison et ses forces lui échapper à la fois.",,échapper,lui,Dpt au sens large,19
"–   Jamais  !  » répondit Passepartout, qui voulut se lever et retomba, sentant sa raison et ses forces lui échapper à la fois.",,échapper,à la fois,Dpt au sens large,19
Passepartout se sentait de plus en plus envahir par l’ ivresse.,Passepartout,envahir,par l’ ivresse,Dynamicité spatiale sans dpt,19
"S’ il avait été homme à s’ étonner de quelque chose, c’ eût été de ne point voir apparaître son domestique à l’ heure du coucher.",,apparaître,à l’ heure du coucher,Dpt au sens large,20
"Mais, sachant que le paquebot de Yokohama ne devait pas quitter Hong - Kong avant le lendemain matin, il ne s’ en préoccupa pas autrement.",le paquebot de Yokohama,quitter,Hong,Dpt au sens large,20
"Mais, sachant que le paquebot de Yokohama ne devait pas quitter Hong - Kong avant le lendemain matin, il ne s’ en préoccupa pas autrement.",le paquebot de Yokohama,quitter,-,Dpt au sens large,20
"Mais, sachant que le paquebot de Yokohama ne devait pas quitter Hong - Kong avant le lendemain matin, il ne s’ en préoccupa pas autrement.",le paquebot de Yokohama,quitter,Kong,Dpt au sens large,20
"Mais, sachant que le paquebot de Yokohama ne devait pas quitter Hong - Kong avant le lendemain matin, il ne s’ en préoccupa pas autrement.",le paquebot de Yokohama,quitter,avant le lendemain matin,Dpt au sens large,20
"Il était alors huit heures, et la pleine mer, dont le Carnatic devait profiter pour sortir des passes, était indiquée pour neuf heures et demie.",le Carnatic,sortir,des passes,Dpt au sens large,20
"Mr. Fogg, qui comptait trouver, à la fois, et le paquebot et son domestique, en était réduit à se passer de l’ un et de l’ autre.",Mr. Fogg,passer,se,Dpt au sens large,20
"Mr. Fogg, qui comptait trouver, à la fois, et le paquebot et son domestique, en était réduit à se passer de l’ un et de l’ autre.",Mr. Fogg,passer,de l’ un et de l’ autre,Dpt au sens large,20
"En prononçant ces mots  :«   huit jours  », Fix sentait son cœur bondir de joie.",Fix,bondir,de joie,Dynamicité spatiale sans dpt,20
"Toutefois, la chance sembla véritablement abandonner celui qu’ elle avait si bien servi jusqu’ alors.",la chance,abandonner,celui,Dpt au sens large,20
"Phileas Fogg, pendant trois heures, parcourut le port en tous sens, décidé, s’ il le fallait, à fréter un bâtiment pour le transporter à Yokohama  ; mais il ne vit que des navires en chargement ou en déchargement, et qui, par conséquent, ne pouvaient appareiller.",qui,appareiller,,Dpt au sens large,20
"Il regardait la mer, évidemment combattu entre le désir de gagner une somme énorme et la crainte de s’ aventurer si loin.",,gagner,une somme énorme,Dpt au sens large,20
Le temps d’ acheter des vivres et d’ appareiller.,,appareiller,,Dpt au sens large,20
"Le bateau-pilote n°   43, son équipage à bord, ses vivres embarqués, était prêt à appareiller.",,appareiller,,Dpt au sens large,20
"Elle devait merveilleusement marcher, et, de fait, elle avait déjà gagné plusieurs prix dans les«   matches  » de bateaux-pilotes.",Elle,marcher,,Dpt au sens large,20
"Mais son imprudence aurait été grande de tenter une telle traversée dans ces conditions, et c’ était déjà faire acte d’ audace, sinon de témérité, que de remonter jusqu’ à Shangaï.",c’,remonter,jusqu’ à Shangaï,Dpt au sens large,21
"Cela lui paraissait certain que le sieur Fogg ne s’ arrêterait pas à Yokohama, qu’ il prendrait immédiatement le paquebot de San Francisco afin d’ atteindre l’ Amérique, dont la vaste étendue lui assurerait l’ impunité avec la sécurité.",,atteindre,l’ Amérique,Dpt au sens large,21
"Au lieu de s’ embarquer en Angleterre pour les États-Unis, comme un coquin vulgaire, ce Fogg avait fait le grand tour et traversé les trois quarts du globe, afin de gagner plus sûrement le continent américain, où il mangerait tranquillement le million de la Banque, après avoir dépisté la police.",,embarquer,s’,Dpt au sens large,21
"Au lieu de s’ embarquer en Angleterre pour les États-Unis, comme un coquin vulgaire, ce Fogg avait fait le grand tour et traversé les trois quarts du globe, afin de gagner plus sûrement le continent américain, où il mangerait tranquillement le million de la Banque, après avoir dépisté la police.",,embarquer,en Angleterre,Dpt au sens large,21
"Au lieu de s’ embarquer en Angleterre pour les États-Unis, comme un coquin vulgaire, ce Fogg avait fait le grand tour et traversé les trois quarts du globe, afin de gagner plus sûrement le continent américain, où il mangerait tranquillement le million de la Banque, après avoir dépisté la police.",,embarquer,pour les États-Unis,Dpt au sens large,21
"Au lieu de s’ embarquer en Angleterre pour les États-Unis, comme un coquin vulgaire, ce Fogg avait fait le grand tour et traversé les trois quarts du globe, afin de gagner plus sûrement le continent américain, où il mangerait tranquillement le million de la Banque, après avoir dépisté la police.",,gagner,le continent américain,Dpt au sens large,21
"Voyager aux frais de cet homme, se nourrir de ses propres vivres, il trouvait à cela quelque chose de peu loyal.",,Voyager,aux frais de cet homme,Dpt au sens large,21
Il fit serrer toutes les voiles de la goélette et amener les vergues sur le pont.,,serrer,toutes les voiles de la goélette,Dynamicité spatiale sans dpt,21
"Pas une goutte d’ eau ne pouvait, dès lors, pénétrer dans la coque de l’ embarcation.",une goutte d’ eau,pénétrer,dans la coque de l’ embarcation,Dpt au sens large,21
"John Bunsby avait engagé ses passagers à descendre dans la cabine  ; mais, dans un étroit espace, à peu près privé d’ air, et par les secousses de la houle, cet emprisonnement n’ avait rien d’ agréable.",John Bunsby,descendre,dans la cabine,Dpt au sens large,21
"Aouda, ni Fix lui-même ne consentirent à quitter le pont.",Aouda ni Fix lui-même,quitter,le pont,Dpt au sens large,21
"«  Je crois, Votre Honneur, que nous ferions bien de gagner un des ports de la côte.",nous,gagner,un des ports de la côte,Dpt au sens large,21
"C’ était le soir même que Mr. Fogg devait arriver à Shangaï, s’ il ne voulait pas manquer le départ du paquebot de Yokohama.",Mr. Fogg,arriver,à Shangaï,Dpt au sens large,21
Il lui restait six heures encore pour gagner ce port avant le départ du paquebot de Yokohama.,,gagner,ce port,Dpt au sens large,21
Il lui restait six heures encore pour gagner ce port avant le départ du paquebot de Yokohama.,,gagner,avant le départ du paquebot de Yokohama,Dpt au sens large,21
On voulait arriver à tout prix.,On,arriver,à tout prix,Dpt au sens large,21
Tous– Phileas Fogg excepté sans doute– sentaient leur cœur battre d’ impatience.,,battre,d’ impatience,Dpt au sens large,21
Un formidable juron s’ échappa des lèvres du pilote… La prime de deux cents livres allait évidemment lui échapper.,La prime de deux cents livres,échapper,lui,Dpt au sens large,21
"C’ était un signal de détresse, et l’ on pouvait espérer que le paquebot américain, l’ apercevant, modifierait un instant sa route pour rallier l’ embarcation.",le paquebot américain,rallier,l’ embarcation,Dpt au sens large,21
"«  Pour celui -là, se dit -il, j’ espère bien que nous en sommes débarrassés, et qu’ il n’ a pas osé, après ce qu’ il m’ a proposé, nous suivre sur le Carnatic.",il,suivre,sur le Carnatic,Dpt au sens large,22
"Le plus pressé, c’ était de rejoindre Mr. Fogg et de lui faire agréer ses excuses pour cette inqualifiable conduite.",,rejoindre,Mr. Fogg,Dpt au sens large,22
Passepartout se laissa tomber sur un fauteuil.,Passepartout,tomber,sur un fauteuil,Dynamicité spatiale sans dpt,22
"Certain d’ y arriver, comment en reviendrait -il  ?",,arriver,y,Dpt au sens large,22
"Il mangea comme si le Japon, où il allait aborder, eût été un pays désert, dépourvu de toute substance comestible.",il,aborder,,Dynamicité spatiale sans dpt,22
"Il n’ avait rien de mieux à faire que de prendre le hasard pour guide, et d’ aller à l’ aventure par les rues de la ville.",,aller,à l’ aventure,Dpt au sens large,22
"Il n’ avait rien de mieux à faire que de prendre le hasard pour guide, et d’ aller à l’ aventure par les rues de la ville.",,aller,par les rues de la ville,Dpt au sens large,22
"Passepartout avait bien une ressource  : c’ était de se recommander près des agents consulaires français ou anglais établis à Yokohama  ; mais il lui répugnait de raconter son histoire, si intimement mêlée à celle de son maître, et avant d’ en venir là, il voulait avoir épuisé toutes les autres chances.",,venir,en,Dpt au sens large,22
"Passepartout avait bien une ressource  : c’ était de se recommander près des agents consulaires français ou anglais établis à Yokohama  ; mais il lui répugnait de raconter son histoire, si intimement mêlée à celle de son maître, et avant d’ en venir là, il voulait avoir épuisé toutes les autres chances.",,venir,là,Dpt au sens large,22
"Enfin, entre les voitures, les palanquins, les chevaux, les porteurs, les brouettes à voile, les«   norimons  » à parois de laque, les«   cangos  » moelleux, véritables litières en bambou, on voyait circuler, à petits pas de leur petit pied, chaussé de souliers de toile, de sandales de paille ou de socques en bois ouvragé, quelques femmes peu jolies, les yeux bridés, la poitrine déprimée, les dents noircies au goût du jour, mais portant avec élégance le vêtement national, le«   kirimon  », sorte de robe de chambre croisée d’ une écharpe de soie, dont la large ceinture s’ épanouissait derrière en un nœud extravagant,–   que les modernes Parisiennes semblent avoir emprunté aux Japonaises.",on,circuler,à petits pas de leur petit pied,Dpt au sens large,22
"Passepartout se promena pendant quelques heures au milieu de cette foule bigarrée, regardant aussi les curieuses et opulentes boutiques, les bazars où s’ entasse tout le clinquant de l’ orfèvrerie japonaise, les«   restaurations  » ornées de banderoles et de bannières, dans lesquelles il lui était interdit d’ entrer, et ces maisons de thé où se boit à pleine tasse l’ eau chaude odorante, avec le«   saki  », liqueur tirée du riz en fermentation, et ces confortables tabagies où l’ on fume un tabac très fin, et non l’ opium, dont l’ usage est à peu près inconnu au Japon.",il,entrer,,Dpt au sens large,22
"Certes, l’ honnête garçon avait, par prévision, aussi copieusement déjeuné qu’ il avait pu avant de quitter le Carnatic  ; mais après une journée de promenade, il se sentit l’ estomac très creux.",il,quitter,le Carnatic,Dpt au sens large,22
"Le premier soin de Passepartout, ainsi«   japonaisé  », fut d’ entrer dans une«   tea - house  » de modeste apparence, et là, d’ un reste de volaille et de quelques poignées de riz, il déjeuna en homme pour qui le dîner serait encore un problème à résoudre.",,entrer,dans une,Dpt au sens large,23
"Il faut donc aviser au moyen de quitter le plus promptement possible ce pays du Soleil, dont je ne garderai qu’ un lamentable souvenir  !  »",,quitter,ce pays du Soleil,Dpt au sens large,23
Passepartout songea alors à visiter les paquebots en partance pour l’ Amérique.,Passepartout,visiter,les paquebots en partance pour l’ Amérique,Dpt au sens large,23
"L’ important, c’ était de traverser ces quatre mille sept cents milles du Pacifique qui s’ étendent entre le Japon et le Nouveau Monde.",,traverser,ces quatre mille sept cents milles du Pacifique,Dpt au sens large,23
"C’ était l’ établissement de l’ honorable Batulcar, sorte de Barnum américain, directeur d’ une troupe de saltimbanques, jongleurs, clowns, acrobates, équilibristes, gymnastes, qui, suivant l’ affiche, donnait ses dernières représentations avant de quitter l’ empire du Soleil pour les États de l’ Union.",qui,quitter,l’ empire du Soleil,Dpt au sens large,23
"C’ était l’ établissement de l’ honorable Batulcar, sorte de Barnum américain, directeur d’ une troupe de saltimbanques, jongleurs, clowns, acrobates, équilibristes, gymnastes, qui, suivant l’ affiche, donnait ses dernières représentations avant de quitter l’ empire du Soleil pour les États de l’ Union.",qui,quitter,pour les États de l’ Union,Dpt au sens large,23
"Arrivé le matin même, 14 novembre, à l’ heure réglementaire, Phileas Fogg, laissant Fix aller à ses affaires, s’ était rendu à bord du Carnatic, et là il apprenait, à la grande joie de Mrs.",Phileas Fogg,aller,à ses affaires,Dpt au sens large,24
"Aouda– et peut-être à la sienne, mais du moins il n’ en laissa rien paraître– que le Français Passepartout était effectivement arrivé la veille à Yokohama.",rien,paraître,,Dpt au sens large,24
"Phileas Fogg, qui devait repartir le soir même pour San Francisco, se mit immédiatement à la recherche de son domestique.",qui,repartir,le soir,Dpt au sens large,24
"Phileas Fogg, qui devait repartir le soir même pour San Francisco, se mit immédiatement à la recherche de son domestique.",qui,repartir,pour San Francisco,Dpt au sens large,24
"Il s’ adressa, mais en vain, aux agents consulaires français et anglais, et, après avoir inutilement parcouru les rues de Yokohama, il désespérait de retrouver Passepartout, quand le hasard, ou peut-être une sorte de pressentiment, le fit entrer dans la case de l’ honorable Batulcar.",le hasard ou peut-être une sorte de pressentiment,entrer,le,Dpt au sens large,24
"Il s’ adressa, mais en vain, aux agents consulaires français et anglais, et, après avoir inutilement parcouru les rues de Yokohama, il désespérait de retrouver Passepartout, quand le hasard, ou peut-être une sorte de pressentiment, le fit entrer dans la case de l’ honorable Batulcar.",le hasard ou peut-être une sorte de pressentiment,entrer,dans la case de l’ honorable Batulcar,Dpt au sens large,24
"À filer ses douze milles à l’ heure, le paquebot ne devait pas employer plus de vingt et un jours pour traverser le Pacifique.",,traverser,le Pacifique,Dpt au sens large,24
"Cette silencieuse nature, si généreuse en somme, l’ impressionnait plus qu’ elle ne le croyait, et c’ était presque à son insu qu’ elle se laissait aller à des sentiments dont l’ énigmatique Fogg ne semblait aucunement subir l’ influence.",elle,aller,à des sentiments,Dpt au sens large,24
"À suivre circulairement le cinquantième parallèle, qui est celui de Londres, la distance n’ eût été que de douze mille milles environ, tandis que Phileas Fogg était forcé, par les caprices des moyens de locomotion, d’ en parcourir vingt-six mille dont il avait fait environ dix-sept mille cinq cents, à cette date du 23 novembre.",,suivre,le cinquantième parallèle qui est celui de Londres la distance n’ eût été que de douze mille milles environ,Dpt au sens large,24
"À suivre circulairement le cinquantième parallèle, qui est celui de Londres, la distance n’ eût été que de douze mille milles environ, tandis que Phileas Fogg était forcé, par les caprices des moyens de locomotion, d’ en parcourir vingt-six mille dont il avait fait environ dix-sept mille cinq cents, à cette date du 23 novembre.",Phileas Fogg,parcourir,en,Dpt au sens large,24
"À suivre circulairement le cinquantième parallèle, qui est celui de Londres, la distance n’ eût été que de douze mille milles environ, tandis que Phileas Fogg était forcé, par les caprices des moyens de locomotion, d’ en parcourir vingt-six mille dont il avait fait environ dix-sept mille cinq cents, à cette date du 23 novembre.",Phileas Fogg,parcourir,vingt-six mille,Dpt au sens large,24
"Ce coquin a tout l’ air de revenir dans sa patrie, croyant avoir dépisté la police.",Ce coquin,revenir,dans sa patrie,Dpt au sens large,24
"«  Maintenant, reprit Fix, Mr. Fogg semble retourner en Angleterre  ?",Mr. Fogg,retourner,en Angleterre,Dpt au sens large,24
"Passepartout, dans sa joie de toucher enfin la terre américaine, avait cru devoir opérer son débarquement en exécutant un saut périlleux du plus beau style.",,toucher,la terre américaine,Dynamicité spatiale sans dpt,25
"Mais quand il retomba sur le quai dont le plancher était vermoulu, il faillit passer au travers.",il,passer,au travers,Dpt au sens large,25
Il fit venir une voiture pour Mrs.,,venir,une voiture,Dpt au sens large,25
Il fit venir une voiture pour Mrs.,,venir,pour Mrs,Dpt au sens large,25
"En tout cas, Fix ne pouvait être qu’ honoré de revoir le gentleman auquel il devait tant, et, ses affaires le rappelant en Europe, il serait enchanté de poursuivre son voyage en une si agréable compagnie.",il,poursuivre,son voyage,Dpt au sens large,25
"En tout cas, Fix ne pouvait être qu’ honoré de revoir le gentleman auquel il devait tant, et, ses affaires le rappelant en Europe, il serait enchanté de poursuivre son voyage en une si agréable compagnie.",il,poursuivre,en une si agréable compagnie,Dpt au sens large,25
"Mr. Fogg répondit que l’ honneur serait pour lui, et Fix– qui tenait à ne point le perdre de vue– lui demanda la permission de visiter avec lui cette curieuse ville de San Francisco.",,visiter,avec lui,Dpt au sens large,25
"Mr. Fogg répondit que l’ honneur serait pour lui, et Fix– qui tenait à ne point le perdre de vue– lui demanda la permission de visiter avec lui cette curieuse ville de San Francisco.",,visiter,cette curieuse ville de San Francisco,Dpt au sens large,25
"Devant eux, de l’ autre côté de la rue, entre le wharf d’ un marchand de charbon et le magasin d’ un négociant en pétrole, se développait un large bureau en plein vent, vers lequel les divers courants de la foule semblaient converger.",les divers courants de la foule,converger,,Dpt au sens large,25
"L’ un des partis était évidemment repoussé, sans que les simples spectateurs pussent reconnaître si l’ avantage restait à Mandiboy ou à Kamerfield.",les simples spectateurs,reconnaître,,Dynamicité spatiale sans dpt,25
Il était trop tard pour s’ échapper.,,échapper,s’,Dpt au sens large,25
"Au moment de monter en voiture, Mr. Fogg dit à Fix  :",,monter,en voiture,Dpt au sens large,25
"Au moment où Mr. Fogg allait s’ embarquer, il avisa un employé et le rejoignant  :",Mr. Fogg,embarquer,s’,Dpt au sens large,25
"Autrefois, dans les circonstances les plus favorables, on employait six mois pour aller de New York à San Francisco.",on,aller,de New York à San Francisco,Dpt au sens large,26
"Sur toute la longueur du train, les voitures communiquaient entre elles par des passerelles, et les voyageurs pouvaient circuler d’ une extrémité à l’ autre du convoi, qui mettait à leur disposition des wagons-salons, des wagons-terrasses, des wagons-restaurants et des wagons à cafés.",les voyageurs,circuler,d’ une extrémité à l’ autre du convoi,Dpt au sens large,26
"En tenant compte des arrêts, il ne parcourait pas plus de vingt milles à l’ heure, vitesse qui devait, cependant, lui permettre de franchir les États-Unis dans les temps réglementaires.",,franchir,les États-Unis,Dpt au sens large,26
"En tenant compte des arrêts, il ne parcourait pas plus de vingt milles à l’ heure, vitesse qui devait, cependant, lui permettre de franchir les États-Unis dans les temps réglementaires.",,franchir,dans les temps réglementaires,Dpt au sens large,26
"D’ ailleurs, le sommeil allait bientôt gagner les voyageurs.",le sommeil,gagner,les voyageurs,Dpt au sens large,26
"Puis elle s’ infléchit vers l’ est, et ne devait plus quitter le cours d’ eau avant d’ avoir atteint les Humboldt - Ranges, qui lui donnent naissance, presque à l’ extrémité orientale de l’ État du Nevada.",,quitter,le cours d’ eau,Dpt au sens large,26
"On a vu des milliers de ces animaux défiler pendant plusieurs heures, en rangs pressés, au travers du rail - road.",On,défiler,pendant plusieurs heures,Dpt au sens large,26
"On a vu des milliers de ces animaux défiler pendant plusieurs heures, en rangs pressés, au travers du rail - road.",On,défiler,en rangs,Dpt au sens large,26
"On a vu des milliers de ces animaux défiler pendant plusieurs heures, en rangs pressés, au travers du rail - road.",On,défiler,au travers du rail,Dpt au sens large,26
"On a vu des milliers de ces animaux défiler pendant plusieurs heures, en rangs pressés, au travers du rail - road.",On,défiler,-,Dpt au sens large,26
"On a vu des milliers de ces animaux défiler pendant plusieurs heures, en rangs pressés, au travers du rail - road.",On,défiler,road,Dpt au sens large,26
"On voyait ces ruminants– ces buffalos, comme les appellent improprement les Américains– marcher ainsi de leur pas tranquille, poussant parfois des beuglements formidables.",On,marcher,de leur pas tranquille,Dpt au sens large,26
"Le mieux était donc d’ attendre patiemment, quitte ensuite à regagner le temps perdu par une accélération de la marche du train.",,regagner,le temps,Dpt au sens large,26
"Mais l’ elder, sans s’ inquiéter de cette désertion, raconta avec détail«   comme quoi Joe Smyth fit banqueroute en 1837  ; comme quoi ses actionnaires ruinés l’ enduisirent de goudron et le roulèrent dans la plume  ; comme quoi on le retrouva, plus honorable et plus honoré que jamais, quelques années après, à Independance, dans le Missouri, et chef d’ une communauté florissante, qui ne comptait pas moins de trois mille disciples, et qu’ alors, poursuivi par la haine des gentils, il dut fuir dans le Far West américain.  »",il,fuir,dans le Far West américain,Dpt au sens large,27
"De là, on pouvait embrasser, sur un vaste périmètre, l’ aspect de cette mer intérieure, qui porte aussi le nom de mer Morte et dans laquelle se jette un Jourdain d’ Amérique.",on,embrasser,sur un vaste périmètre,Dynamicité spatiale sans dpt,27
"De là, on pouvait embrasser, sur un vaste périmètre, l’ aspect de cette mer intérieure, qui porte aussi le nom de mer Morte et dans laquelle se jette un Jourdain d’ Amérique.",on,embrasser,l’ aspect de cette mer intérieure,Dynamicité spatiale sans dpt,27
"Le train ne devant repartir qu’ à six heures, Mr. Fogg, Mrs.",Le train,repartir,qu’ à six heures,Dpt au sens large,27
"Deux heures suffisaient à visiter cette ville absolument américaine et, comme telle, bâtie sur le patron de toutes les villes de l’ Union, vastes échiquiers à longues lignes froides, avec la«   tristesse lugubre des angles droits  », suivant l’ expression de Victor Hugo.",Deux heures,visiter,cette ville absolument américaine,Dpt au sens large,27
Le fondateur de la Cité des Saints ne pouvait échapper à ce besoin de symétrie qui distingue les Anglo-Saxons.,Le fondateur de la Cité des Saints,échapper,à ce besoin de symétrie,Dpt au sens large,27
"Lorsque le Mormon eut repris haleine, Passepartout se hasarda à lui demander poliment combien il avait de femmes, à lui tout seul,–   et à la façon dont il venait de décamper, il lui en supposait une vingtaine au moins.",il,décamper,,Dpt au sens large,27
"Aussi, dans ce parcours, la subvention du gouvernement de l’ Union s’ est -elle élevée à quarante - huit mille dollars par mille, tandis qu’ elle n’ était que de seize mille dollars en plaine  ; mais les ingénieurs, ainsi qu’ il a été dit, n’ ont pas violenté la nature, ils ont rusé avec elle, tournant les difficultés, et pour atteindre le grand bassin, un seul tunnel, long de quatorze mille pieds, a été percé dans tout le parcours du rail - road.",ils,atteindre,le grand bassin,Dpt au sens large,28
"Depuis ce point, son profil décrivait une courbe très allongée, s’ abaissant vers la vallée du Bitter - creek, pour remonter jusqu’ au point de partage des eaux entre l’ Atlantique et le Pacifique.",,remonter,jusqu’ au point de partage des eaux entre l’ Atlantique et le Pacifique,Dpt au sens large,28
"Il fallut franchir sur des ponceaux le Muddy, le Green et autres.",,franchir,sur des ponceaux,Dpt au sens large,28
"Il fallut franchir sur des ponceaux le Muddy, le Green et autres.",,franchir,le Muddy le Green et autres,Dpt au sens large,28
"«  Aussi, quelle idée, se disait -il, mon maître a -t -il eue de voyager pendant l’ hiver  ! Ne pouvait -il attendre la belle saison pour augmenter ses chances  ?  »",quelle idée,voyager,pendant l’ hiver,Dpt au sens large,28
"Il est homme, il l’ a dit, à revenir en Amérique pour retrouver cet insulteur.",,revenir,en Amérique,Dpt au sens large,28
"Passepartout sentit comme un frisson lui courir par le corps, mais ses convictions à l’ endroit de son maître ne faiblirent pas.",Passepartout,courir,lui,Dpt au sens large,28
"Passepartout sentit comme un frisson lui courir par le corps, mais ses convictions à l’ endroit de son maître ne faiblirent pas.",Passepartout,courir,par le corps,Dpt au sens large,28
La neige avait cessé de tomber.,La neige,tomber,,Dynamicité spatiale sans dpt,28
Mrs. Aouda et Fix purent craindre un instant que Mr. Fogg ne songeât à descendre sur la voie.,Mr. Fogg,descendre,sur la voie,Dpt au sens large,28
«  Non  ! il n’ y a pas moyen de passer  !,,passer,,Dpt au sens large,28
Le garde-voie n’ exagérait donc en aucune façon en affirmant qu’ on ne pouvait passer.,on,passer,,Dpt au sens large,28
"Passepartout, n’ osant aller prévenir son maître, écoutait, les dents serrées, immobile comme une statue.",,aller,,Dpt au sens large,28
"D’ ailleurs, ce temps nous sera nécessaire pour gagner à pied la station.",ce temps,gagner,à pied,Dpt au sens large,28
"D’ ailleurs, ce temps nous sera nécessaire pour gagner à pied la station.",ce temps,gagner,la station,Dpt au sens large,28
"«  Messieurs, il y aurait peut-être moyen de passer.",Messieurs,passer,,Dpt au sens large,28
"Je crois qu’ en lançant le train avec son maximum de vitesse, on aurait quelques chances de passer.",,passer,,Dpt au sens large,28
"Il rappela même que des ingénieurs avaient eu l’ idée de passer des rivières«   sans pont  » avec des trains rigides lancés à toute vitesse,etc. Et, en fin de compte, tous les intéressés dans la question se rangèrent à l’ avis du mécanicien.",,passer,des rivières,Dpt au sens large,28
"Il rappela même que des ingénieurs avaient eu l’ idée de passer des rivières«   sans pont  » avec des trains rigides lancés à toute vitesse,etc. Et, en fin de compte, tous les intéressés dans la question se rangèrent à l’ avis du mécanicien.",,passer,avec des trains rigides,Dpt au sens large,28
"«  Nous avons cinquante chances pour passer, disait l’ un.",,passer,,Dpt au sens large,28
"–   Quoi  ! prudent  ! s’ écria le colonel Proctor, que ce mot, entendu par hasard, fit bondir.",,bondir,,Dynamicité spatiale sans dpt,28
"Mais on ne m’ empêchera pas de penser qu’ il eût été plus naturel de nous faire d’ abord passer à pied sur ce pont, nous autres voyageurs, puis le train ensuite  !…  »",,passer,à pied,Dpt au sens large,28
"Mais on ne m’ empêchera pas de penser qu’ il eût été plus naturel de nous faire d’ abord passer à pied sur ce pont, nous autres voyageurs, puis le train ensuite  !…  »",,passer,sur ce pont,Dpt au sens large,28
"Mais on ne m’ empêchera pas de penser qu’ il eût été plus naturel de nous faire d’ abord passer à pied sur ce pont, nous autres voyageurs, puis le train ensuite  !…  »",,passer,nous autres voyageurs,Dpt au sens large,28
"Mais personne n’ entendit cette sage réflexion, et personne n’ eût voulu en reconnaître la justesse.",personne,reconnaître,en,Dynamicité spatiale sans dpt,28
"Mais personne n’ entendit cette sage réflexion, et personne n’ eût voulu en reconnaître la justesse.",personne,reconnaître,la justesse,Dynamicité spatiale sans dpt,28
"Les voyageurs n’ avaient plus qu’ à descendre jusqu’ à l’ Atlantique sur ces plaines sans limites, nivelées par la nature.",Les voyageurs,descendre,jusqu’ à l’ Atlantique,Dpt au sens large,29
"Les voyageurs n’ avaient plus qu’ à descendre jusqu’ à l’ Atlantique sur ces plaines sans limites, nivelées par la nature.",Les voyageurs,descendre,sur ces plaines sans limites,Dpt au sens large,29
"Quatre nuits et quatre jours, selon toute prévision, devaient suffire pour atteindre New York.",,atteindre,New York,Dpt au sens large,29
"Le sifflet de la locomotive, plus puissant que la lyre d’ Amphion, allait bientôt les faire surgir du sol américain.",Le sifflet de la locomotive plus puissant que la lyre d’ Amphion,surgir,les,Dpt au sens large,29
"Le sifflet de la locomotive, plus puissant que la lyre d’ Amphion, allait bientôt les faire surgir du sol américain.",Le sifflet de la locomotive plus puissant que la lyre d’ Amphion,surgir,du sol américain,Dpt au sens large,29
"Fix avait commencé par gagner quelques guinées, qu’ il était en train de reperdre, mais il ne se montrait pas moins passionné que Mr. Fogg.",Fix,gagner,quelques guinées qu’ il était en train,Dpt au sens large,29
"Passepartout était prêt à se jeter sur l’ Américain, qui regardait son adversaire de l’ air le plus insultant.",Passepartout,jeter,se,Dpt au sens large,29
"Passepartout était prêt à se jeter sur l’ Américain, qui regardait son adversaire de l’ air le plus insultant.",Passepartout,jeter,sur l’ Américain,Dpt au sens large,29
"Passepartout voulait jeter le colonel par la portière, mais un signe de son maître l’ arrêta.",Passepartout,jeter,le colonel,Dpt au sens large,29
"Passepartout voulait jeter le colonel par la portière, mais un signe de son maître l’ arrêta.",Passepartout,jeter,par la portière,Dpt au sens large,29
"«  Monsieur, dit Mr. Fogg à son adversaire, je suis fort pressé de retourner en Europe, et un retard quelconque préjudicierait beaucoup à mes intérêts.",Monsieur,retourner,en Europe,Dpt au sens large,29
"–   Monsieur, reprit très poliment Mr. Fogg, après notre rencontre à San Francisco, j’ avais formé le projet de venir vous retrouver en Amérique, dès que j’ aurais terminé les affaires qui m’ appellent sur l’ ancien continent.",,venir,,Dpt au sens large,29
"Mais à l’ instant où les deux adversaires allaient descendre sur la voie, le conducteur accourut et leur cria  :",les deux adversaires,descendre,sur la voie,Dpt au sens large,29
–   Mais je dois me battre avec monsieur.,je,battre,me,Dpt au sens large,29
–   Mais je dois me battre avec monsieur.,je,battre,avec monsieur,Dpt au sens large,29
"Mais, après tout, puisque vous n’ avez pas eu le temps de vous battre ici, qui vous empêche de vous battre en route  ?",vous,battre,vous,Dpt au sens large,29
"Mais, après tout, puisque vous n’ avez pas eu le temps de vous battre ici, qui vous empêche de vous battre en route  ?",vous,battre,ici,Dpt au sens large,29
"Mais, après tout, puisque vous n’ avez pas eu le temps de vous battre ici, qui vous empêche de vous battre en route  ?",qui,battre,vous,Dpt au sens large,29
"Mais, après tout, puisque vous n’ avez pas eu le temps de vous battre ici, qui vous empêche de vous battre en route  ?",qui,battre,en route,Dpt au sens large,29
"Le conducteur leur demanda s’ ils voulaient bien, pour quelques instants, laisser la place libre à deux gentlemen qui avaient une affaire d’ honneur à vider.",,vider,,Dpt au sens large,29
Les deux adversaires pouvaient marcher l’ un sur l’ autre entre les banquettes et s’ arquebuser à leur aise.,Les deux adversaires,marcher,l’ un sur l’ autre,Dpt au sens large,29
Les deux adversaires pouvaient marcher l’ un sur l’ autre entre les banquettes et s’ arquebuser à leur aise.,Les deux adversaires,marcher,entre les banquettes,Dpt au sens large,29
"C’ était même si simple, que Fix et Passepartout sentaient leur cœur battre à se briser.",Fix et Passepartout,battre,,Dpt au sens large,29
"Là, suspendu d’ une main entre le wagon des bagages et le tender, de l’ autre il décrocha les chaînes de sûreté  ; mais par suite de la traction opérée, il n’ aurait jamais pu parvenir à dévisser la barre d’ attelage, si une secousse que la machine éprouva n’ eût fait sauter cette barre, et le train, détaché, resta peu à peu en arrière, tandis que la locomotive s’ enfuyait avec une nouvelle vitesse.",il,parvenir,,Dpt au sens large,29
"Là, suspendu d’ une main entre le wagon des bagages et le tender, de l’ autre il décrocha les chaînes de sûreté  ; mais par suite de la traction opérée, il n’ aurait jamais pu parvenir à dévisser la barre d’ attelage, si une secousse que la machine éprouva n’ eût fait sauter cette barre, et le train, détaché, resta peu à peu en arrière, tandis que la locomotive s’ enfuyait avec une nouvelle vitesse.",une secousse,sauter,cette barre,Dynamicité spatiale sans dpt,29
Votre intention est-elle de poursuivre les Sioux  ?,Votre intention,poursuivre,les Sioux,Dpt au sens large,30
Ces Indiens peuvent fuir jusqu’ au-delà de l’ Arkansas  !,Ces Indiens,fuir,jusqu’ au-delà de l’ Arkansas,Dpt au sens large,30
Je ne saurais abandonner le fort qui m’ est confié.,Je,abandonner,le fort,Dpt au sens large,30
"–   Vous, monsieur  ! s’ écria Fix, qui s’ était approché, aller seul à la poursuite des Indiens  !",qui,aller,à la poursuite des Indiens,Dpt au sens large,30
"Quoi  ! cet homme qu’ il venait de suivre autour du monde, il avait consenti à s’ en séparer  !",il,suivre,,Dpt au sens large,30
"Il était tenté de s’ en aller à travers les longues plaines blanches, à la poursuite de ce Fogg  !",Il,aller,s’,Dpt au sens large,30
"Il était tenté de s’ en aller à travers les longues plaines blanches, à la poursuite de ce Fogg  !",Il,aller,en,Dpt au sens large,30
"Il était tenté de s’ en aller à travers les longues plaines blanches, à la poursuite de ce Fogg  !",Il,aller,à travers les longues plaines blanches,Dpt au sens large,30
"Il était tenté de s’ en aller à travers les longues plaines blanches, à la poursuite de ce Fogg  !",Il,aller,à la poursuite de ce Fogg,Dpt au sens large,30
Il éprouva comme une insurmontable envie d’ abandonner la partie.,,abandonner,la partie,Dpt au sens large,30
"Or, précisément, cette occasion de quitter la station de Kearney et de poursuivre ce voyage, si fécond en déconvenues, lui fut offerte.",,quitter,la station de Kearney,Dpt au sens large,30
"Or, précisément, cette occasion de quitter la station de Kearney et de poursuivre ce voyage, si fécond en déconvenues, lui fut offerte.",,poursuivre,ce voyage si fécond en déconvenues,Dpt au sens large,30
"Les secours réclamés par le télégraphe ne pouvaient arriver sitôt, et le train d’ Omaha à San Francisco ne devait passer que le lendemain.",Les secours,arriver,,Dpt au sens large,30
"Les secours réclamés par le télégraphe ne pouvaient arriver sitôt, et le train d’ Omaha à San Francisco ne devait passer que le lendemain.",le train d’ Omaha à San Francisco,passer,que le lendemain,Dpt au sens large,30
"Continuer la route dans la direction d’ Omaha était prudent  ; retourner vers le train, que les Indiens pillaient peut-être encore, était dangereux… N’ importe  !",,retourner,vers le train,Dpt au sens large,30
"Quelques instants auparavant, quand tout moyen de locomotion lui manquait, il était décidé à quitter Kearney, et maintenant que le train était là, prêt à s’ élancer, qu’ il n’ avait plus qu’ à reprendre sa place dans le wagon, une irrésistible force le rattachait au sol.",il,quitter,Kearney,Dpt au sens large,30
"Elle venait à l’ extrémité du quai, cherchant à voir à travers la tempête de neige, voulant percer cette brume qui réduisait l’ horizon autour d’ elle, écoutant si quelque bruit se ferait entendre.",,percer,cette brume,Dpt au sens large,30
"Elle rentrait alors, toute transie, pour revenir quelques moments plus tard, et toujours inutilement.",Elle,revenir,quelques moments plus tard et toujours inutilement,Dpt au sens large,30
"Avait -il pu rejoindre les Indiens  ? Y avait -il eu lutte, ou ces soldats, perdus dans la brume, erraient -ils au hasard  ?",-il,rejoindre,les Indiens,Dpt au sens large,30
"Le capitaine du fort Kearney était très inquiet, bien qu’ il ne voulût rien laisser paraître de son inquiétude.",,paraître,de son inquiétude,Dpt au sens large,30
"Il croyait le trouver là, prêt à filer sur Omaha, et il espérait que l’ on pourrait encore regagner le temps perdu.",l’,regagner,le temps,Dpt au sens large,30
C’ est huit heures à regagner.,,regagner,,Dpt au sens large,31
"En effet, pour rien au monde il n’ eût voulu quitter son maître, puisque Fix devait l’ accompagner.",il,quitter,son maître,Dpt au sens large,31
"Et Mudge avait intérêt à arriver dans le délai convenu, car Mr. Fogg, fidèle à son système, l’ avait alléché par une forte prime.",Mudge,arriver,dans le délai,Dpt au sens large,31
"Au lieu d’ arriver le matin à New York, on y arriverait le soir, mais il y avait encore quelques chances pour que ce fût avant le départ du paquebot de Liverpool.",,arriver,le matin,Dpt au sens large,31
"Au lieu d’ arriver le matin à New York, on y arriverait le soir, mais il y avait encore quelques chances pour que ce fût avant le départ du paquebot de Liverpool.",,arriver,à New York,Dpt au sens large,31
Passepartout avait même éprouvé une forte envie de serrer la main de son allié Fix.,,serrer,la main de son allié Fix,Dynamicité spatiale sans dpt,31
"Il n’ oubliait pas que c’ était l’ inspecteur lui-même qui avait procuré le traîneau à voiles, et, par conséquent, le seul moyen qu’ il y eût de gagner Omaha en temps utile.",,gagner,Omaha,Dpt au sens large,31
"Il n’ oubliait pas que c’ était l’ inspecteur lui-même qui avait procuré le traîneau à voiles, et, par conséquent, le seul moyen qu’ il y eût de gagner Omaha en temps utile.",,gagner,en temps utile,Dpt au sens large,31
"Pendant que chacun des voyageurs se laissait aller à des réflexions si diverses, le traîneau volait sur l’ immense tapis de neige.",chacun des voyageurs,aller,à des réflexions si diverses,Dpt au sens large,31
"De temps en temps, on voyait passer comme un éclair quelque arbre grimaçant, dont le blanc squelette se tordait sous la brise.",on,passer,comme un éclair,Dpt au sens large,31
"De temps en temps, on voyait passer comme un éclair quelque arbre grimaçant, dont le blanc squelette se tordait sous la brise.",on,passer,quelque arbre,Dpt au sens large,31
Ils aidèrent Mr. Fogg et la jeune femme à descendre du traîneau.,Ils,descendre,du traîneau,Dpt au sens large,31
"Pour aller d’ Omaha à Chicago, le rail - road, sous le nom de«   Chicago - Rock - island - road  », court directement dans l’ est en desservant cinquante stations.",le rail - road sous le nom de «,aller,d’ Omaha à Chicago,Dpt au sens large,31
Ils employaient à cette traversée de New York à l’ Angleterre plus de temps qu’ il n’ en restait à Mr. Fogg pour gagner son pari.,Ils,gagner,son pari,Dpt au sens large,32
"Ce gentleman semblait devoir échouer dans sa dernière tentative, quand il aperçut, mouillé devant la Batterie, à une encablure au plus, un navire de commerce à hélice, de formes fines, dont la cheminée, laissant échapper de gros flocons de fumée, indiquait qu’ il se préparait à appareiller.",,échouer,dans sa dernière tentative,Dynamicité spatiale sans dpt,32
"Ce gentleman semblait devoir échouer dans sa dernière tentative, quand il aperçut, mouillé devant la Batterie, à une encablure au plus, un navire de commerce à hélice, de formes fines, dont la cheminée, laissant échapper de gros flocons de fumée, indiquait qu’ il se préparait à appareiller.",,échapper,,Dpt au sens large,32
"Ce gentleman semblait devoir échouer dans sa dernière tentative, quand il aperçut, mouillé devant la Batterie, à une encablure au plus, un navire de commerce à hélice, de formes fines, dont la cheminée, laissant échapper de gros flocons de fumée, indiquait qu’ il se préparait à appareiller.",il,appareiller,,Dpt au sens large,32
"Cependant, il fallait trouver le moyen de traverser l’ Atlantique en bateau– à moins de le traverser en ballon–, ce qui eût été fort aventureux, et ce qui, d’ ailleurs, n’ était pas réalisable.",,traverser,l’ Atlantique,Dpt au sens large,32
"Cependant, il fallait trouver le moyen de traverser l’ Atlantique en bateau– à moins de le traverser en ballon–, ce qui eût été fort aventureux, et ce qui, d’ ailleurs, n’ était pas réalisable.",,traverser,en bateau,Dpt au sens large,32
"Cependant, il fallait trouver le moyen de traverser l’ Atlantique en bateau– à moins de le traverser en ballon–, ce qui eût été fort aventureux, et ce qui, d’ ailleurs, n’ était pas réalisable.",,traverser,le,Dpt au sens large,32
"Cependant, il fallait trouver le moyen de traverser l’ Atlantique en bateau– à moins de le traverser en ballon–, ce qui eût été fort aventureux, et ce qui, d’ ailleurs, n’ était pas réalisable.",,traverser,en ballon,Dpt au sens large,32
"Le capitaine Speedy commença à se gratter le front, comme s’ il eût voulu en arracher l’ épiderme.",Le capitaine Speedy,gratter,se,Dpt au sens large,32
"Le capitaine Speedy commença à se gratter le front, comme s’ il eût voulu en arracher l’ épiderme.",Le capitaine Speedy,gratter,le front,Dpt au sens large,32
"Huit mille dollars à gagner, sans modifier son voyage, cela valait bien la peine qu’ il mît de côté son antipathie prononcée pour toute espèce de passager.",,gagner,,Dpt au sens large,32
"Débarquer de l’ Henrietta, monter dans une voiture, se rendre à l’ hôtel Saint-Nicolas, en ramener Mrs.",,Débarquer,de l’ Henrietta,Dpt au sens large,32
"Débarquer de l’ Henrietta, monter dans une voiture, se rendre à l’ hôtel Saint-Nicolas, en ramener Mrs.",,monter,dans une voiture,Dpt au sens large,32
"Phileas Fogg voulait aller à Liverpool, le capitaine ne voulait pas l’ y conduire.",Phileas Fogg,aller,à Liverpool,Dpt au sens large,33
"–   si donc la mer ne devenait pas trop mauvaise, si le vent ne sautait pas dans l’ est, s’ il ne survenait aucune avarie au bâtiment, aucun accident à la machine, l’ Henrietta, dans les neuf jours comptés du 12 décembre au 21, pouvait franchir les trois mille milles qui séparent New York de Liverpool.",l’ Henrietta,franchir,les trois mille milles,Dpt au sens large,33
"Mr. Fogg, afin de ne point s’ écarter de sa route, dut serrer ses voiles et forcer de vapeur.",,serrer,ses voiles,Dynamicité spatiale sans dpt,33
"Or, s’ il fallait fuir, c’ était l’ inconnu avec toutes ses mauvaises chances.",,fuir,,Dpt au sens large,33
"Et cependant, ainsi qu’ on va le voir, il eût été bien utile de venir en aide à la vapeur  !",,venir,en aide,Dpt au sens large,33
"Et cependant, ainsi qu’ on va le voir, il eût été bien utile de venir en aide à la vapeur  !",,venir,à la vapeur,Dpt au sens large,33
"N’ oubliez pas que, depuis notre départ, nous chauffons avec tous nos fourneaux allumés, et si nous avions assez de charbon pour aller à petite vapeur de New York à Bordeaux, nous n’ en avons pas assez pour aller à toute vapeur de New York à Liverpool  !",nous,aller,à petite vapeur de New York à Bordeaux,Dpt au sens large,33
"N’ oubliez pas que, depuis notre départ, nous chauffons avec tous nos fourneaux allumés, et si nous avions assez de charbon pour aller à petite vapeur de New York à Bordeaux, nous n’ en avons pas assez pour aller à toute vapeur de New York à Liverpool  !",nous,aller,à toute vapeur de New York à Liverpool,Dpt au sens large,33
"Cependant, il paraît que le flegmatique gentleman en prit un, car le soir même il fit venir le mécanicien et lui dit  :",le flegmatique gentleman,venir,le mécanicien,Dpt au sens large,33
"Le navire continua donc de marcher à toute vapeur  ; mais ainsi qu’ il l’ avait annoncé, deux jours plus tard, le 18, le mécanicien fit savoir que le charbon manquerait dans la journée.",Le navire,marcher,à toute vapeur,Dpt au sens large,33
"Ce jour -là, vers midi, après avoir pris hauteur et calculé la position du navire, Phileas Fogg fit venir Passepartout, et il lui donna l’ ordre d’ aller chercher le capitaine Speedy.",Phileas Fogg,venir,Ce jour,Dpt au sens large,33
"Ce jour -là, vers midi, après avoir pris hauteur et calculé la position du navire, Phileas Fogg fit venir Passepartout, et il lui donna l’ ordre d’ aller chercher le capitaine Speedy.",Phileas Fogg,venir,-là,Dpt au sens large,33
"Ce jour -là, vers midi, après avoir pris hauteur et calculé la position du navire, Phileas Fogg fit venir Passepartout, et il lui donna l’ ordre d’ aller chercher le capitaine Speedy.",Phileas Fogg,venir,vers midi,Dpt au sens large,33
"Ce jour -là, vers midi, après avoir pris hauteur et calculé la position du navire, Phileas Fogg fit venir Passepartout, et il lui donna l’ ordre d’ aller chercher le capitaine Speedy.",Phileas Fogg,venir,Passepartout,Dpt au sens large,33
"Ce jour -là, vers midi, après avoir pris hauteur et calculé la position du navire, Phileas Fogg fit venir Passepartout, et il lui donna l’ ordre d’ aller chercher le capitaine Speedy.",,aller,,Dpt au sens large,33
"C’ était comme si on eût commandé à ce brave garçon d’ aller déchaîner un tigre, et il descendit dans la dunette, se disant  :",C’,aller,,Dpt au sens large,33
"–   Je vous ai fait venir, monsieur…",Je,venir,vous,Dpt au sens large,33
–   C’ est que je vais être obligé de le brûler.,,brûler,le,Dpt au sens large,33
–   Brûler mon navire  !,,Brûler,mon navire,Dpt au sens large,33
"–   Brûler mon navire  ! s’ écria le capitaine Speedy, qui ne pouvait même plus prononcer les syllabes.",,Brûler,mon navire,Dpt au sens large,33
"Et Andrew Speedy, saisissant la liasse de bank - notes, les compta et les fit disparaître dans sa poche.",Andrew Speedy,disparaître,les,Dpt au sens large,33
"Et Andrew Speedy, saisissant la liasse de bank - notes, les compta et les fit disparaître dans sa poche.",Andrew Speedy,disparaître,dans sa poche,Dpt au sens large,33
Phileas Fogg n’ avait plus que vingt-quatre heures pour atteindre Londres  !,Phileas Fogg,atteindre,Londres,Dpt au sens large,33
"Or, c’ était le temps qu’ il fallait à l’ Henrietta pour gagner Liverpool,–   même en marchant à toute vapeur.",,gagner,Liverpool,Dpt au sens large,33
–   Pouvons -nous entrer dans le port  ?,-nous,entrer,dans le port,Dpt au sens large,33
"Ces douze heures que gagnait ainsi le courrier d’ Amérique, Phileas Fogg prétendait les gagner aussi.",Phileas Fogg,gagner,les,Dpt au sens large,33
"Au lieu d’ arriver sur l’ Henrietta, le lendemain soir, à Liverpool, il y serait à midi, et, par conséquent, il aurait le temps d’ être à Londres avant huit heures quarante - cinq minutes du soir.",,arriver,sur l’ Henrietta,Dpt au sens large,33
"On l’ avait enfermé dans le poste de Custom - house, la douane de Liverpool, et il devait y passer la nuit en attendant son transfèrement à Londres.",il,passer,y,Dpt au sens large,34
"On l’ avait enfermé dans le poste de Custom - house, la douane de Liverpool, et il devait y passer la nuit en attendant son transfèrement à Londres.",il,passer,la nuit,Dpt au sens large,34
Ils ne voulaient ni l’ un ni l’ autre quitter la place.,,quitter,la place,Dpt au sens large,34
"Quant à ce gentleman, il était bien et dûment ruiné, et cela au moment où il allait atteindre son but.",il,atteindre,son but,Dpt au sens large,34
"Arrivé à midi moins vingt à Liverpool, le 21 décembre, il avait jusqu’ à huit heures quarante - cinq minutes pour se présenter au Reform - Club, soit neuf heures quinze minutes,���   et il ne lui en fallait que six pour atteindre Londres.",,atteindre,Londres,Dpt au sens large,34
"Quoi qu’ il en soit, Mr. Fogg avait soigneusement posé sa montre sur une table et il en regardait les aiguilles marcher.",il,marcher,,Dpt au sens large,34
Pensa -t -il à fuir  ?,-t,fuir,,Dpt au sens large,34
"En admettant qu’ il montât en ce moment dans un express, il pouvait encore arriver à Londres et au Reform - Club avant huit heures quarante - cinq du soir.",il,arriver,à Londres et au Reform - Club,Dpt au sens large,34
"En admettant qu’ il montât en ce moment dans un express, il pouvait encore arriver à Londres et au Reform - Club avant huit heures quarante - cinq du soir.",il,arriver,avant huit heures quarante - cinq du soir,Dpt au sens large,34
"Il y avait plusieurs locomotives de grande vitesse en pression  ; mais, attendu les exigences du service, le train spécial ne put quitter la gare avant trois heures.",le train spécial,quitter,la gare,Dpt au sens large,34
"Il y avait plusieurs locomotives de grande vitesse en pression  ; mais, attendu les exigences du service, le train spécial ne put quitter la gare avant trois heures.",le train spécial,quitter,avant trois heures,Dpt au sens large,34
"À trois heures, Phileas Fogg, après avoir dit quelques mots au mécanicien d’ une certaine prime à gagner, filait dans la direction de Londres, en compagnie de la jeune femme et de son fidèle serviteur.",,gagner,,Dpt au sens large,34
"Il fallait franchir en cinq heures et demie la distance qui sépare Liverpool de Londres–, chose très faisable, quand la voie est libre sur tout le parcours.",,franchir,en cinq heures et demie,Dpt au sens large,34
"Il fallait franchir en cinq heures et demie la distance qui sépare Liverpool de Londres–, chose très faisable, quand la voie est libre sur tout le parcours.",,franchir,la distance,Dpt au sens large,34
"Après avoir marché d’ un pas sûr pendant ce long parcours, après avoir renversé mille obstacles, bravé mille dangers, ayant encore trouvé le temps de faire quelque bien sur sa route, échouer au port devant un fait brutal, qu’ il ne pouvait prévoir, et contre lequel il était désarmé  : cela était terrible  !",,échouer,au port,Dynamicité spatiale sans dpt,35
"Après avoir marché d’ un pas sûr pendant ce long parcours, après avoir renversé mille obstacles, bravé mille dangers, ayant encore trouvé le temps de faire quelque bien sur sa route, échouer au port devant un fait brutal, qu’ il ne pouvait prévoir, et contre lequel il était désarmé  : cela était terrible  !",,échouer,devant un fait brutal,Dynamicité spatiale sans dpt,35
"Le lendemain, Mr. Fogg le fit venir et lui recommanda, en termes fort brefs, de s’ occuper du déjeuner de Mrs.",,venir,Le lendemain,Dpt au sens large,35
"Le lendemain, Mr. Fogg le fit venir et lui recommanda, en termes fort brefs, de s’ occuper du déjeuner de Mrs.",,venir,le,Dpt au sens large,35
"Il regardait son maître toujours impassible, et il ne pouvait se décider à quitter sa chambre.",,quitter,sa chambre,Dpt au sens large,35
"… Mon ami, il ne faudra pas le quitter, pas un seul instant.",,quitter,le,Dpt au sens large,35
"… Mon ami, il ne faudra pas le quitter, pas un seul instant.",,quitter,pas un seul instant,Dpt au sens large,35
"Ses adversaires avaient entre les mains un chèque signé de lui, et il suffisait d’ une simple écriture à passer chez Baring frères, pour que les vingt mille livres fussent portées à leur crédit.",,passer,chez Baring frères,Dpt au sens large,35
"Mr. Fogg n’ avait donc pas à sortir, et il ne sortit pas.",Mr. Fogg,sortir,,Dpt au sens large,35
Passepartout ne cessa de monter et de descendre l’ escalier de la maison de Saville - row.,Passepartout,monter,,Dpt au sens large,35
Passepartout ne cessa de monter et de descendre l’ escalier de la maison de Saville - row.,Passepartout,descendre,l’ escalier de la maison de Saville - row,Dpt au sens large,35
"Aouda, la misère ne saurait atteindre un homme tel que vous.",la misère,atteindre,un homme tel que vous,Dpt au sens large,35
Quoi  ! pas un cœur pour y verser vos peines.,,verser,y,Dynamicité spatiale sans dpt,35
Quoi  ! pas un cœur pour y verser vos peines.,,verser,vos peines,Dynamicité spatiale sans dpt,35
"Mr. Fogg lui demanda s’ il ne serait pas trop tard pour aller prévenir le révérend Samuel Wilson, de la paroisse de Mary-le-Bone.",,aller,,Dpt au sens large,35
"Et le samedi 21 décembre, à huit heures quarante - cinq du soir, allait -il apparaître, comme le dieu de l’ exactitude, sur le seuil du salon du Reform - Club  ?",-il,apparaître,comme le dieu de l’ exactitude,Dpt au sens large,36
"Et le samedi 21 décembre, à huit heures quarante - cinq du soir, allait -il apparaître, comme le dieu de l’ exactitude, sur le seuil du salon du Reform - Club  ?",-il,apparaître,sur le seuil du salon du Reform - Club,Dpt au sens large,36
"Les policemen avaient beaucoup de peine à contenir le populaire, et à mesure que s’ avançait l’ heure à laquelle devait arriver Phileas Fogg, l’ émotion prenait des proportions invraisemblables.",Phileas Fogg,arriver,,Dpt au sens large,36
"Vous savez, d’ ailleurs, que le China– le seul paquebot de New York qu’ il pût prendre pour venir à Liverpool en temps utile– est arrivé hier.",,venir,à Liverpool,Dpt au sens large,36
"Vous savez, d’ ailleurs, que le China– le seul paquebot de New York qu’ il pût prendre pour venir à Liverpool en temps utile– est arrivé hier.",,venir,en temps utile,Dpt au sens large,36
"Mais ils n’ en voulaient rien laisser paraître, car, sur la proposition de Samuel Fallentin, ils prirent place à une table de jeu.",,paraître,,Dpt au sens large,36
"Les cheveux en désordre, sans chapeau, courant, courant, comme on n’ a jamais vu courir de mémoire d’ homme, renversant les passants, se précipitant comme une trombe sur les trottoirs  !",on,courir,,Dpt au sens large,37
"En d’ autres termes, pendant que Phileas Fogg, marchant vers l’ est, voyait le soleil passer quatre-vingts fois au méridien, ses collègues restés à Londres ne le voyaient passer que soixante-dix-neuf fois.",Phileas Fogg,passer,quatre-vingts fois,Dpt au sens large,37
"En d’ autres termes, pendant que Phileas Fogg, marchant vers l’ est, voyait le soleil passer quatre-vingts fois au méridien, ses collègues restés à Londres ne le voyaient passer que soixante-dix-neuf fois.",Phileas Fogg,passer,au méridien,Dpt au sens large,37
"En d’ autres termes, pendant que Phileas Fogg, marchant vers l’ est, voyait le soleil passer quatre-vingts fois au méridien, ses collègues restés à Londres ne le voyaient passer que soixante-dix-neuf fois.",ses collègues,passer,que soixante-dix-neuf fois,Dpt au sens large,37
"Rien, soit, si ce n’ est une charmante femme, qui– quelque invraisemblable que cela puisse paraître– le rendit le plus heureux des hommes  !",cela,paraître,,Dpt au sens large,37
