Phrase,Sujet,Verbe,Objet,Dep_sujet,Dep_verbe,Dep_objet,ID_sujet,ID_verbe,ID_objet,Lemme_verbe,Head_verbe,Annotation_verbe_col8,Annotation_verbe_col9,Num_phrase,Num_paragr,Sentence_index
"En l' année 1872, la maison portant le numéro 7 de Saville - row, Burlington Gardens- maison dans laquelle Sheridan mourut en 1814-, était habitée par Phileas Fogg, esq., l' un des membres les plus singuliers et les plus remarqués du Reform - Club de Londres, bien qu' il semblât prendre à tâche de ne rien faire qui pût attirer l' attention.",NaN,portant,le numéro 7 de Saville - row Burlington Gardens maison,NaN,acl,obj,,8,10,porter,7,2,PER,0,0,1
"En l' année 1872, la maison portant le numéro 7 de Saville - row, Burlington Gardens- maison dans laquelle Sheridan mourut en 1814-, était habitée par Phileas Fogg, esq., l' un des membres les plus singuliers et les plus remarqués du Reform - Club de Londres, bien qu' il semblât prendre à tâche de ne rien faire qui pût attirer l' attention.",Sheridan,mourut,en 1814,nsubj,acl:relcl,obl:mod,23,24,26,mourir,20,_,_,0,0,1
"En l' année 1872, la maison portant le numéro 7 de Saville - row, Burlington Gardens- maison dans laquelle Sheridan mourut en 1814-, était habitée par Phileas Fogg, esq., l' un des membres les plus singuliers et les plus remarqués du Reform - Club de Londres, bien qu' il semblât prendre à tâche de ne rien faire qui pût attirer l' attention.",la maison,habitée,En l' année 1872,nsubj:pass,root,obl:mod,7,30,3,habiter,0,38,PER,0,0,1
"En l' année 1872, la maison portant le numéro 7 de Saville - row, Burlington Gardens- maison dans laquelle Sheridan mourut en 1814-, était habitée par Phileas Fogg, esq., l' un des membres les plus singuliers et les plus remarqués du Reform - Club de Londres, bien qu' il semblât prendre à tâche de ne rien faire qui pût attirer l' attention.",la maison,habitée,par Phileas Fogg esq.,nsubj:pass,root,obl:agent,7,30,32,habiter,0,38,PER,0,0,1
"En l' année 1872, la maison portant le numéro 7 de Saville - row, Burlington Gardens- maison dans laquelle Sheridan mourut en 1814-, était habitée par Phileas Fogg, esq., l' un des membres les plus singuliers et les plus remarqués du Reform - Club de Londres, bien qu' il semblât prendre à tâche de ne rien faire qui pût attirer l' attention.",la maison,habitée,l' un des membres les plus singuliers et les plus remarqués du Reform - Club de Londres,nsubj:pass,root,obl:mod,7,30,39,habiter,0,38,PER,0,0,1
"En l' année 1872, la maison portant le numéro 7 de Saville - row, Burlington Gardens- maison dans laquelle Sheridan mourut en 1814-, était habitée par Phileas Fogg, esq., l' un des membres les plus singuliers et les plus remarqués du Reform - Club de Londres, bien qu' il semblât prendre à tâche de ne rien faire qui pût attirer l' attention.",la maison,semblât,NaN,nsubj:pass,advcl,NaN,7,59,,sembler,30,_,_,0,0,1
"En l' année 1872, la maison portant le numéro 7 de Saville - row, Burlington Gardens- maison dans laquelle Sheridan mourut en 1814-, était habitée par Phileas Fogg, esq., l' un des membres les plus singuliers et les plus remarqués du Reform - Club de Londres, bien qu' il semblât prendre à tâche de ne rien faire qui pût attirer l' attention.",NaN,prendre,à tâche,NaN,xcomp,obl:arg,,60,62,prendre,59,_,_,0,0,1
"En l' année 1872, la maison portant le numéro 7 de Saville - row, Burlington Gardens- maison dans laquelle Sheridan mourut en 1814-, était habitée par Phileas Fogg, esq., l' un des membres les plus singuliers et les plus remarqués du Reform - Club de Londres, bien qu' il semblât prendre à tâche de ne rien faire qui pût attirer l' attention.",NaN,faire,NaN,NaN,acl,NaN,,66,,faire,62,_,_,0,0,1
"En l' année 1872, la maison portant le numéro 7 de Saville - row, Burlington Gardens- maison dans laquelle Sheridan mourut en 1814-, était habitée par Phileas Fogg, esq., l' un des membres les plus singuliers et les plus remarqués du Reform - Club de Londres, bien qu' il semblât prendre à tâche de ne rien faire qui pût attirer l' attention.",qui,pût,NaN,nsubj,acl:relcl,NaN,67,68,,pouvoir,62,_,_,0,0,1
"En l' année 1872, la maison portant le numéro 7 de Saville - row, Burlington Gardens- maison dans laquelle Sheridan mourut en 1814-, était habitée par Phileas Fogg, esq., l' un des membres les plus singuliers et les plus remarqués du Reform - Club de Londres, bien qu' il semblât prendre à tâche de ne rien faire qui pût attirer l' attention.",qui,attirer,l' attention,nsubj,xcomp,obj,67,69,71,attirer,68,_,_,0,0,1
"À l' un des plus grands orateurs qui honorent l' Angleterre, succédait donc ce Phileas Fogg, personnage énigmatique, dont on ne savait rien, sinon que c' était un fort galant homme et l' un des plus beaux gentlemen de la haute société anglaise.",qui,honorent,l' Angleterre,nsubj,acl:relcl,obj,8,9,11,honorer,7,15,PER,1,1,2
"À l' un des plus grands orateurs qui honorent l' Angleterre, succédait donc ce Phileas Fogg, personnage énigmatique, dont on ne savait rien, sinon que c' était un fort galant homme et l' un des plus beaux gentlemen de la haute société anglaise.",NaN,succédait,À l' un des plus grands orateurs,NaN,root,obl:mod,,13,3,succéder,0,_,_,1,1,2
"À l' un des plus grands orateurs qui honorent l' Angleterre, succédait donc ce Phileas Fogg, personnage énigmatique, dont on ne savait rien, sinon que c' était un fort galant homme et l' un des plus beaux gentlemen de la haute société anglaise.",NaN,succédait,ce Phileas Fogg personnage énigmatique sinon que c' était un fort galant homme et l' un des plus beaux gentlemen de la haute société anglaise,NaN,root,obj,,13,16,succéder,0,_,_,1,1,2
"À l' un des plus grands orateurs qui honorent l' Angleterre, succédait donc ce Phileas Fogg, personnage énigmatique, dont on ne savait rien, sinon que c' était un fort galant homme et l' un des plus beaux gentlemen de la haute société anglaise.",on,savait,rien,nsubj,acl:relcl,obj,23,25,26,savoir,16,_,_,1,1,2
"On disait qu' il ressemblait à Byron - par la tête, car il était irréprochable quant aux pieds -, mais un Byron à moustaches et à favoris, un Byron impassible, qui aurait vécu mille ans sans vieillir.",On,disait,NaN,nsubj,root,NaN,1,2,,dire,0,_,_,2,2,3
"On disait qu' il ressemblait à Byron - par la tête, car il était irréprochable quant aux pieds -, mais un Byron à moustaches et à favoris, un Byron impassible, qui aurait vécu mille ans sans vieillir.",il,ressemblait,à Byron,nsubj,ccomp,obl:arg,4,5,7,ressembler,2,_,_,2,2,3
"On disait qu' il ressemblait à Byron - par la tête, car il était irréprochable quant aux pieds -, mais un Byron à moustaches et à favoris, un Byron impassible, qui aurait vécu mille ans sans vieillir.",il,ressemblait,-,nsubj,ccomp,obj,4,5,8,ressembler,2,_,_,2,2,3
"On disait qu' il ressemblait à Byron - par la tête, car il était irréprochable quant aux pieds -, mais un Byron à moustaches et à favoris, un Byron impassible, qui aurait vécu mille ans sans vieillir.",il,ressemblait,par la tête,nsubj,ccomp,obl:mod,4,5,11,ressembler,2,_,_,2,2,3
"On disait qu' il ressemblait à Byron - par la tête, car il était irréprochable quant aux pieds -, mais un Byron à moustaches et à favoris, un Byron impassible, qui aurait vécu mille ans sans vieillir.",il,ressemblait,quant aux pieds,nsubj,ccomp,obl:mod,4,5,19,ressembler,2,_,_,2,2,3
"On disait qu' il ressemblait à Byron - par la tête, car il était irréprochable quant aux pieds -, mais un Byron à moustaches et à favoris, un Byron impassible, qui aurait vécu mille ans sans vieillir.",il,ressemblait,-,nsubj,ccomp,obj,4,5,20,ressembler,2,_,_,2,2,3
"On disait qu' il ressemblait à Byron - par la tête, car il était irréprochable quant aux pieds -, mais un Byron à moustaches et à favoris, un Byron impassible, qui aurait vécu mille ans sans vieillir.",qui,vécu,mille ans,nsubj,acl:relcl,obj,35,37,39,vivre,32,_,_,2,2,3
"On disait qu' il ressemblait à Byron - par la tête, car il était irréprochable quant aux pieds -, mais un Byron à moustaches et à favoris, un Byron impassible, qui aurait vécu mille ans sans vieillir.",qui,vieillir,NaN,nsubj,advcl,NaN,35,41,,vieillir,37,_,_,2,2,3
"Anglais, à coup sûr, Phileas Fogg n' était peut-être pas Londonner.",Phileas Fogg,Londonner,NaN,nsubj,xcomp,NaN,7,13,,londonner,10,_,_,3,3,4
"On ne l' avait jamais vu ni à la Bourse, ni à la Banque, ni dans aucun des comptoirs de la Cité.",On,vu,l',nsubj,root,obj,1,6,3,voir,0,_,_,4,3,5
Ni les bassins ni les docks de Londres n' avaient jamais reçu un navire ayant pour armateur Phileas Fogg.,les bassins ni les docks de Londres,reçu,un navire,nsubj,root,obj,3,12,14,recevoir,0,_,_,5,3,6
Ni les bassins ni les docks de Londres n' avaient jamais reçu un navire ayant pour armateur Phileas Fogg.,NaN,ayant,Phileas Fogg,NaN,acl,obj,,15,18,avoir,14,_,_,5,3,6
Ce gentleman ne figurait dans aucun comité d' administration.,Ce gentleman,figurait,dans aucun comité d' administration,nsubj,root,obl:arg,2,4,7,figurer,0,_,_,6,3,7
"Son nom n' avait jamais retenti dans un collège d' avocats, ni au Temple, ni à Lincoln' s - inn, ni à Gray' s - inn.",Son nom,retenti,dans un collège d' avocats ni au Temple ni à Lincoln' s - inn ni à Gray' s - inn,nsubj,root,obl:mod,2,6,9,retentir,0,_,_,7,3,8
"Jamais il ne plaida ni à la Cour du chancelier, ni au Banc de la Reine, ni à l' Échiquier, ni en Cour ecclésiastique.",il,plaida,ni à la Cour du chancelier ni au Banc de la Reine ni à l' Échiquier ni en Cour ecclésiastique,nsubj,root,obj,2,4,8,plaider,0,_,_,8,3,9
"Il ne faisait partie ni de l' Institution royale de la Grande-Bretagne, ni de l' Institution de Londres, ni de l' Institution des Artisans, ni de l' Institution Russell, ni de l' Institution littéraire de l' Ouest, ni de l' Institution du Droit, ni de cette Institution des Arts et des Sciences réunis, qui est placée sous le patronage direct de Sa Gracieuse Majesté.",Il,faisait,partie,nsubj,root,obj,1,3,4,faire,0,_,_,10,3,11
"Il ne faisait partie ni de l' Institution royale de la Grande-Bretagne, ni de l' Institution de Londres, ni de l' Institution des Artisans, ni de l' Institution Russell, ni de l' Institution littéraire de l' Ouest, ni de l' Institution du Droit, ni de cette Institution des Arts et des Sciences réunis, qui est placée sous le patronage direct de Sa Gracieuse Majesté.",NaN,réunis,NaN,NaN,acl,NaN,,59,,réunir,55,_,_,10,3,11
"Il ne faisait partie ni de l' Institution royale de la Grande-Bretagne, ni de l' Institution de Londres, ni de l' Institution des Artisans, ni de l' Institution Russell, ni de l' Institution littéraire de l' Ouest, ni de l' Institution du Droit, ni de cette Institution des Arts et des Sciences réunis, qui est placée sous le patronage direct de Sa Gracieuse Majesté.",qui,placée,sous le patronage direct de Sa Gracieuse Majesté,nsubj:pass,acl:relcl,obl:arg,61,63,66,placer,53,_,_,10,3,11
"Il n' appartenait enfin à aucune des nombreuses sociétés qui pullulent dans la capitale de l' Angleterre, depuis la Société de l' Armonica jusqu' à la Société entomologique, fondée principalement dans le but de détruire les insectes nuisibles.",NaN,appartenait,à aucune des nombreuses sociétés,NaN,root,obl:arg,,3,6,appartenir,0,_,_,11,3,12
"Il n' appartenait enfin à aucune des nombreuses sociétés qui pullulent dans la capitale de l' Angleterre, depuis la Société de l' Armonica jusqu' à la Société entomologique, fondée principalement dans le but de détruire les insectes nuisibles.",qui,pullulent,dans la capitale de l' Angleterre,nsubj,acl:relcl,obl:mod,10,11,14,pulluler,9,_,_,11,3,12
"Il n' appartenait enfin à aucune des nombreuses sociétés qui pullulent dans la capitale de l' Angleterre, depuis la Société de l' Armonica jusqu' à la Société entomologique, fondée principalement dans le but de détruire les insectes nuisibles.",qui,pullulent,depuis la Société de l' Armonica jusqu' à la Société entomologique,nsubj,acl:relcl,obl:mod,10,11,21,pulluler,9,_,_,11,3,12
"Il n' appartenait enfin à aucune des nombreuses sociétés qui pullulent dans la capitale de l' Angleterre, depuis la Société de l' Armonica jusqu' à la Société entomologique, fondée principalement dans le but de détruire les insectes nuisibles.",NaN,fondée,dans le but,NaN,acl,obl:mod,,31,35,fonder,28,_,_,11,3,12
"Il n' appartenait enfin à aucune des nombreuses sociétés qui pullulent dans la capitale de l' Angleterre, depuis la Société de l' Armonica jusqu' à la Société entomologique, fondée principalement dans le but de détruire les insectes nuisibles.",NaN,détruire,les insectes nuisibles,NaN,acl,obj,,37,39,détruire,35,_,_,11,3,12
"Phileas Fogg était membre du Reform - Club, et voilà tout.",Phileas Fogg,voilà,NaN,nsubj,conj,NaN,1,11,,voilà,4,_,_,12,4,13
"À qui s' étonnerait de ce qu' un gentleman aussi mystérieux comptât parmi les membres de cette honorable association, on répondra qu' il passa sur la recommandation de MM. Baring frères, chez lesquels il avait un crédit ouvert.",on,étonnerait,À qui,nsubj,advcl,obl:mod,21,4,2,étonner,22,_,_,13,5,14
"À qui s' étonnerait de ce qu' un gentleman aussi mystérieux comptât parmi les membres de cette honorable association, on répondra qu' il passa sur la recommandation de MM. Baring frères, chez lesquels il avait un crédit ouvert.",on,étonnerait,s',nsubj,advcl,expl:comp,21,4,3,étonner,22,_,_,13,5,14
"À qui s' étonnerait de ce qu' un gentleman aussi mystérieux comptât parmi les membres de cette honorable association, on répondra qu' il passa sur la recommandation de MM. Baring frères, chez lesquels il avait un crédit ouvert.",on,étonnerait,de ce,nsubj,advcl,obl:arg,21,4,6,étonner,22,_,_,13,5,14
"À qui s' étonnerait de ce qu' un gentleman aussi mystérieux comptât parmi les membres de cette honorable association, on répondra qu' il passa sur la recommandation de MM. Baring frères, chez lesquels il avait un crédit ouvert.",un gentleman aussi mystérieux,comptât,parmi les membres de cette honorable association,nsubj,acl,obl:arg,9,12,15,compter,6,_,_,13,5,14
"À qui s' étonnerait de ce qu' un gentleman aussi mystérieux comptât parmi les membres de cette honorable association, on répondra qu' il passa sur la recommandation de MM. Baring frères, chez lesquels il avait un crédit ouvert.",on,répondra,NaN,nsubj,root,NaN,21,22,,répondre,0,_,_,13,5,14
"À qui s' étonnerait de ce qu' un gentleman aussi mystérieux comptât parmi les membres de cette honorable association, on répondra qu' il passa sur la recommandation de MM. Baring frères, chez lesquels il avait un crédit ouvert.",il,passa,sur la recommandation de MM. Baring frères,nsubj,ccomp,obl:arg,24,25,28,passer,22,_,_,13,5,14
"À qui s' étonnerait de ce qu' un gentleman aussi mystérieux comptât parmi les membres de cette honorable association, on répondra qu' il passa sur la recommandation de MM. Baring frères, chez lesquels il avait un crédit ouvert.",il,avait,chez lesquels,nsubj,acl:relcl,obl:mod,36,37,35,avoir,30,_,_,13,5,14
"À qui s' étonnerait de ce qu' un gentleman aussi mystérieux comptât parmi les membres de cette honorable association, on répondra qu' il passa sur la recommandation de MM. Baring frères, chez lesquels il avait un crédit ouvert.",il,avait,un crédit ouvert,nsubj,acl:relcl,obj,36,37,39,avoir,30,_,_,13,5,14
"De là une certaine« surface», due à ce que ses chèques étaient régulièrement payés à vue par le débit de son compte courant invariablement créditeur.",ses chèques,payés,à vue,nsubj:pass,acl,obl:mod,14,17,19,payer,11,_,_,14,5,15
"De là une certaine« surface», due à ce que ses chèques étaient régulièrement payés à vue par le débit de son compte courant invariablement créditeur.",ses chèques,payés,par le débit de son compte courant invariablement créditeur,nsubj:pass,acl,obl:agent,14,17,22,payer,11,_,_,14,5,15
"Mais comment il avait fait fortune, c' est ce que les mieux informés ne pouvaient dire, et Mr. Fogg était le dernier auquel il convînt de s' adresser pour l' apprendre. En tout cas, il n' était prodigue de rien, mais non avare, car partout où il manquait un appoint pour une chose noble, utile ou généreuse, il l' apportait silencieusement et même anonymement.",il,fait,fortune,nsubj,advcl,obj,3,5,6,faire,68,_,_,17,6,18
"Mais comment il avait fait fortune, c' est ce que les mieux informés ne pouvaient dire, et Mr. Fogg était le dernier auquel il convînt de s' adresser pour l' apprendre. En tout cas, il n' était prodigue de rien, mais non avare, car partout où il manquait un appoint pour une chose noble, utile ou généreuse, il l' apportait silencieusement et même anonymement.",il,fait,En tout cas,nsubj,advcl,obl:mod,3,5,37,faire,68,_,_,17,6,18
"Mais comment il avait fait fortune, c' est ce que les mieux informés ne pouvaient dire, et Mr. Fogg était le dernier auquel il convînt de s' adresser pour l' apprendre. En tout cas, il n' était prodigue de rien, mais non avare, car partout où il manquait un appoint pour une chose noble, utile ou généreuse, il l' apportait silencieusement et même anonymement.",il,fait,de rien,nsubj,advcl,obl:arg,3,5,44,faire,68,_,_,17,6,18
"Mais comment il avait fait fortune, c' est ce que les mieux informés ne pouvaient dire, et Mr. Fogg était le dernier auquel il convînt de s' adresser pour l' apprendre. En tout cas, il n' était prodigue de rien, mais non avare, car partout où il manquait un appoint pour une chose noble, utile ou généreuse, il l' apportait silencieusement et même anonymement.",NaN,pouvaient,NaN,NaN,acl,NaN,,16,,pouvoir,10,_,_,17,6,18
"Mais comment il avait fait fortune, c' est ce que les mieux informés ne pouvaient dire, et Mr. Fogg était le dernier auquel il convînt de s' adresser pour l' apprendre. En tout cas, il n' était prodigue de rien, mais non avare, car partout où il manquait un appoint pour une chose noble, utile ou généreuse, il l' apportait silencieusement et même anonymement.",NaN,dire,NaN,NaN,xcomp,NaN,,17,,dire,16,_,_,17,6,18
"Mais comment il avait fait fortune, c' est ce que les mieux informés ne pouvaient dire, et Mr. Fogg était le dernier auquel il convînt de s' adresser pour l' apprendre. En tout cas, il n' était prodigue de rien, mais non avare, car partout où il manquait un appoint pour une chose noble, utile ou généreuse, il l' apportait silencieusement et même anonymement.",il,convînt,NaN,nsubj,acl:relcl,NaN,26,27,,convenir,24,_,_,17,6,18
"Mais comment il avait fait fortune, c' est ce que les mieux informés ne pouvaient dire, et Mr. Fogg était le dernier auquel il convînt de s' adresser pour l' apprendre. En tout cas, il n' était prodigue de rien, mais non avare, car partout où il manquait un appoint pour une chose noble, utile ou généreuse, il l' apportait silencieusement et même anonymement.",il,adresser,s',nsubj,xcomp,expl:comp,26,30,29,adresser,27,_,_,17,6,18
"Mais comment il avait fait fortune, c' est ce que les mieux informés ne pouvaient dire, et Mr. Fogg était le dernier auquel il convînt de s' adresser pour l' apprendre. En tout cas, il n' était prodigue de rien, mais non avare, car partout où il manquait un appoint pour une chose noble, utile ou généreuse, il l' apportait silencieusement et même anonymement.",il,apprendre,l',nsubj,advcl,obj,26,33,32,apprendre,27,_,_,17,6,18
"Mais comment il avait fait fortune, c' est ce que les mieux informés ne pouvaient dire, et Mr. Fogg était le dernier auquel il convînt de s' adresser pour l' apprendre. En tout cas, il n' était prodigue de rien, mais non avare, car partout où il manquait un appoint pour une chose noble, utile ou généreuse, il l' apportait silencieusement et même anonymement.",il,manquait,où,nsubj,conj,iobj,39,54,52,manquer,42,_,_,17,6,18
"Mais comment il avait fait fortune, c' est ce que les mieux informés ne pouvaient dire, et Mr. Fogg était le dernier auquel il convînt de s' adresser pour l' apprendre. En tout cas, il n' était prodigue de rien, mais non avare, car partout où il manquait un appoint pour une chose noble, utile ou généreuse, il l' apportait silencieusement et même anonymement.",il,manquait,il,nsubj,conj,iobj,39,54,53,manquer,42,_,_,17,6,18
"Mais comment il avait fait fortune, c' est ce que les mieux informés ne pouvaient dire, et Mr. Fogg était le dernier auquel il convînt de s' adresser pour l' apprendre. En tout cas, il n' était prodigue de rien, mais non avare, car partout où il manquait un appoint pour une chose noble, utile ou généreuse, il l' apportait silencieusement et même anonymement.",il,manquait,un appoint pour une chose noble utile ou généreuse,nsubj,conj,obj,39,54,56,manquer,42,_,_,17,6,18
"Mais comment il avait fait fortune, c' est ce que les mieux informés ne pouvaient dire, et Mr. Fogg était le dernier auquel il convînt de s' adresser pour l' apprendre. En tout cas, il n' était prodigue de rien, mais non avare, car partout où il manquait un appoint pour une chose noble, utile ou généreuse, il l' apportait silencieusement et même anonymement.",il,apportait,l',nsubj,root,obj,66,68,67,apporter,0,_,_,17,6,18
"Il parlait aussi peu que possible, et semblait d' autant plus mystérieux qu' il était silencieux.",Il,parlait,NaN,nsubj,root,NaN,1,2,,parler,0,_,_,19,7,20
"Il parlait aussi peu que possible, et semblait d' autant plus mystérieux qu' il était silencieux.",Il,semblait,NaN,nsubj,conj,NaN,1,9,,sembler,2,_,_,19,7,20
"Cependant sa vie était à jour, mais ce qu' il faisait était si mathématiquement toujours la même chose, que l' imagination, mécontente, cherchait au-delà.",il,faisait,qu',nsubj,acl:relcl,obj,11,12,10,faire,9,_,_,20,7,21
"Cependant sa vie était à jour, mais ce qu' il faisait était si mathématiquement toujours la même chose, que l' imagination, mécontente, cherchait au-delà.",l' imagination mécontente,cherchait,au-delà,nsubj,dep,obl:arg,23,27,28,chercher,19,_,_,20,7,21
Avait -il voyagé?,-il,voyagé,NaN,nsubj,root,NaN,2,3,,voyager,0,_,_,21,8,22
"C' était probable, car personne ne possédait mieux que lui la carte du monde.",personne,possédait,la carte du monde,nsubj,conj,obj,6,8,13,posséder,3,_,_,22,8,23
Il n' était endroit si reculé dont il ne parût avoir une connaissance spéciale.,il,parût,dont,nsubj,acl:relcl,iobj,8,10,7,paraître,4,_,_,23,8,24
Il n' était endroit si reculé dont il ne parût avoir une connaissance spéciale.,il,avoir,une connaissance spéciale,nsubj,xcomp,obj,8,11,13,avoir,10,_,_,23,8,24
"Quelquefois, mais en peu de mots, brefs et clairs, il redressait les mille propos qui circulaient dans le club au sujet des voyageurs perdus ou égarés; il indiquait les vraies probabilités, et ses paroles s' étaient trouvées souvent comme inspirées par une seconde vue, tant l' événement finissait toujours par les justifier.",il,redressait,en peu de mots brefs et clairs,nsubj,root,obl:mod,13,14,5,redresser,0,_,_,24,8,25
"Quelquefois, mais en peu de mots, brefs et clairs, il redressait les mille propos qui circulaient dans le club au sujet des voyageurs perdus ou égarés; il indiquait les vraies probabilités, et ses paroles s' étaient trouvées souvent comme inspirées par une seconde vue, tant l' événement finissait toujours par les justifier.",il,redressait,les mille propos,nsubj,root,obj,13,14,17,redresser,0,_,_,24,8,25
"Quelquefois, mais en peu de mots, brefs et clairs, il redressait les mille propos qui circulaient dans le club au sujet des voyageurs perdus ou égarés; il indiquait les vraies probabilités, et ses paroles s' étaient trouvées souvent comme inspirées par une seconde vue, tant l' événement finissait toujours par les justifier.",qui,circulaient,dans le club,nsubj,acl:relcl,obl:mod,18,19,22,circuler,17,34,PER,24,8,25
"Quelquefois, mais en peu de mots, brefs et clairs, il redressait les mille propos qui circulaient dans le club au sujet des voyageurs perdus ou égarés; il indiquait les vraies probabilités, et ses paroles s' étaient trouvées souvent comme inspirées par une seconde vue, tant l' événement finissait toujours par les justifier.",qui,circulaient,au sujet des voyageurs,nsubj,acl:relcl,obl:mod,18,19,24,circuler,17,34,PER,24,8,25
"Quelquefois, mais en peu de mots, brefs et clairs, il redressait les mille propos qui circulaient dans le club au sujet des voyageurs perdus ou égarés; il indiquait les vraies probabilités, et ses paroles s' étaient trouvées souvent comme inspirées par une seconde vue, tant l' événement finissait toujours par les justifier.",NaN,perdus,NaN,NaN,acl,NaN,,27,,perdre,26,_,_,24,8,25
"Quelquefois, mais en peu de mots, brefs et clairs, il redressait les mille propos qui circulaient dans le club au sujet des voyageurs perdus ou égarés; il indiquait les vraies probabilités, et ses paroles s' étaient trouvées souvent comme inspirées par une seconde vue, tant l' événement finissait toujours par les justifier.",NaN,égarés,NaN,NaN,conj,NaN,,29,,égarer,27,_,_,24,8,25
"Quelquefois, mais en peu de mots, brefs et clairs, il redressait les mille propos qui circulaient dans le club au sujet des voyageurs perdus ou égarés; il indiquait les vraies probabilités, et ses paroles s' étaient trouvées souvent comme inspirées par une seconde vue, tant l' événement finissait toujours par les justifier.",il,indiquait,les vraies probabilités,nsubj,root,obj,31,32,35,indiquer,0,_,_,24,8,25
"Quelquefois, mais en peu de mots, brefs et clairs, il redressait les mille propos qui circulaient dans le club au sujet des voyageurs perdus ou égarés; il indiquait les vraies probabilités, et ses paroles s' étaient trouvées souvent comme inspirées par une seconde vue, tant l' événement finissait toujours par les justifier.",ses paroles,trouvées,s',nsubj,conj,expl:comp,39,42,40,trouver,32,_,_,24,8,25
"Quelquefois, mais en peu de mots, brefs et clairs, il redressait les mille propos qui circulaient dans le club au sujet des voyageurs perdus ou égarés; il indiquait les vraies probabilités, et ses paroles s' étaient trouvées souvent comme inspirées par une seconde vue, tant l' événement finissait toujours par les justifier.",ses paroles,inspirées,par une seconde vue,nsubj,xcomp,obl:agent,39,45,49,inspirer,42,_,_,24,8,25
"Quelquefois, mais en peu de mots, brefs et clairs, il redressait les mille propos qui circulaient dans le club au sujet des voyageurs perdus ou égarés; il indiquait les vraies probabilités, et ses paroles s' étaient trouvées souvent comme inspirées par une seconde vue, tant l' événement finissait toujours par les justifier.",l' événement,finissait,NaN,nsubj,advcl,NaN,53,54,,finir,42,_,_,24,8,25
"Quelquefois, mais en peu de mots, brefs et clairs, il redressait les mille propos qui circulaient dans le club au sujet des voyageurs perdus ou égarés; il indiquait les vraies probabilités, et ses paroles s' étaient trouvées souvent comme inspirées par une seconde vue, tant l' événement finissait toujours par les justifier.",l' événement,justifier,les,nsubj,xcomp,obj,53,58,57,justifier,54,_,_,24,8,25
"C' était un homme qui avait dû voyager partout,- en esprit, tout au moins.",qui,dû,en esprit,nsubj,acl:relcl,obl:mod,5,7,13,devoir,4,_,_,25,8,26
"C' était un homme qui avait dû voyager partout,- en esprit, tout au moins.",qui,voyager,NaN,nsubj,xcomp,NaN,5,8,,voyager,7,Dpt au sens large,VERB,25,8,26
"Ce qui était certain toutefois, c' est que, depuis de longues années, Phileas Fogg n' avait pas quitté Londres.",NaN,est,NaN,NaN,root,NaN,,8,,être,0,_,_,26,9,27
"Ce qui était certain toutefois, c' est que, depuis de longues années, Phileas Fogg n' avait pas quitté Londres.",Phileas Fogg,quitté,depuis de longues années,nsubj,ccomp,obl:mod,16,21,14,quitter,8,54,PER,26,9,27
"Ce qui était certain toutefois, c' est que, depuis de longues années, Phileas Fogg n' avait pas quitté Londres.",Phileas Fogg,quitté,Londres,nsubj,ccomp,obj,16,21,22,quitter,8,54,PER,26,9,27
Ceux qui avaient l' honneur de le connaître un peu plus que les autres attestaient que- si ce n' est sur ce chemin direct qu' il parcourait chaque jour pour venir de sa maison au club- personne ne pouvait prétendre l' avoir jamais vu ailleurs.,qui,avaient,l' honneur,nsubj,acl:relcl,obj,2,3,5,avoir,1,_,_,27,9,28
Ceux qui avaient l' honneur de le connaître un peu plus que les autres attestaient que- si ce n' est sur ce chemin direct qu' il parcourait chaque jour pour venir de sa maison au club- personne ne pouvait prétendre l' avoir jamais vu ailleurs.,qui,connaître,le,nsubj,xcomp,obj,2,8,7,connaître,3,_,_,27,9,28
Ceux qui avaient l' honneur de le connaître un peu plus que les autres attestaient que- si ce n' est sur ce chemin direct qu' il parcourait chaque jour pour venir de sa maison au club- personne ne pouvait prétendre l' avoir jamais vu ailleurs.,Ceux,attestaient,que,nsubj,root,obl:mod,1,15,16,attester,0,_,_,27,9,28
Ceux qui avaient l' honneur de le connaître un peu plus que les autres attestaient que- si ce n' est sur ce chemin direct qu' il parcourait chaque jour pour venir de sa maison au club- personne ne pouvait prétendre l' avoir jamais vu ailleurs.,Ceux,est,sur ce chemin direct,nsubj,ccomp,obl:mod,1,21,24,être,15,_,_,27,9,28
Ceux qui avaient l' honneur de le connaître un peu plus que les autres attestaient que- si ce n' est sur ce chemin direct qu' il parcourait chaque jour pour venir de sa maison au club- personne ne pouvait prétendre l' avoir jamais vu ailleurs.,il,parcourait,qu',nsubj,acl:relcl,obj,27,28,26,parcourir,24,56,PER,27,9,28
Ceux qui avaient l' honneur de le connaître un peu plus que les autres attestaient que- si ce n' est sur ce chemin direct qu' il parcourait chaque jour pour venir de sa maison au club- personne ne pouvait prétendre l' avoir jamais vu ailleurs.,il,parcourait,chaque jour,nsubj,acl:relcl,obl:mod,27,28,30,parcourir,24,56,PER,27,9,28
Ceux qui avaient l' honneur de le connaître un peu plus que les autres attestaient que- si ce n' est sur ce chemin direct qu' il parcourait chaque jour pour venir de sa maison au club- personne ne pouvait prétendre l' avoir jamais vu ailleurs.,il,venir,de sa maison au club,nsubj,advcl,obl:arg,27,32,35,venir,28,33,PER,27,9,28
Ceux qui avaient l' honneur de le connaître un peu plus que les autres attestaient que- si ce n' est sur ce chemin direct qu' il parcourait chaque jour pour venir de sa maison au club- personne ne pouvait prétendre l' avoir jamais vu ailleurs.,personne,pouvait,NaN,nsubj,acl:relcl,NaN,39,41,,pouvoir,24,_,_,27,9,28
Ceux qui avaient l' honneur de le connaître un peu plus que les autres attestaient que- si ce n' est sur ce chemin direct qu' il parcourait chaque jour pour venir de sa maison au club- personne ne pouvait prétendre l' avoir jamais vu ailleurs.,personne,prétendre,NaN,nsubj,xcomp,NaN,39,42,,prétendre,41,_,_,27,9,28
Ceux qui avaient l' honneur de le connaître un peu plus que les autres attestaient que- si ce n' est sur ce chemin direct qu' il parcourait chaque jour pour venir de sa maison au club- personne ne pouvait prétendre l' avoir jamais vu ailleurs.,NaN,vu,l',NaN,xcomp,obj,,46,43,voir,42,_,_,27,9,28
Son seul passe-temps était de lire les journaux et de jouer au whist.,Son seul passe-temps,était,NaN,nsubj,root,NaN,3,4,,être,0,_,_,28,9,29
Son seul passe-temps était de lire les journaux et de jouer au whist.,Son seul passe-temps,lire,les journaux,nsubj,xcomp,obj,3,6,8,lire,4,_,_,28,9,29
Son seul passe-temps était de lire les journaux et de jouer au whist.,Son seul passe-temps,jouer,au whist,nsubj,conj,obl:arg,3,11,13,jouer,6,_,_,28,9,29
"À ce jeu du silence, si bien approprié à sa nature, il gagnait souvent, mais ses gains n' entraient jamais dans sa bourse et figuraient pour une somme importante à son budget de charité.",il,gagnait,À ce jeu du silence si bien approprié à sa nature,nsubj,root,obl:mod,14,15,3,gagner,0,_,_,29,9,30
"À ce jeu du silence, si bien approprié à sa nature, il gagnait souvent, mais ses gains n' entraient jamais dans sa bourse et figuraient pour une somme importante à son budget de charité.",ses gains,entraient,dans sa bourse,nsubj,conj,obl:arg,20,22,26,entrer,15,_,_,29,9,30
"À ce jeu du silence, si bien approprié à sa nature, il gagnait souvent, mais ses gains n' entraient jamais dans sa bourse et figuraient pour une somme importante à son budget de charité.",ses gains,figuraient,pour une somme importante à son budget de charité,nsubj,conj,obl:arg,20,28,31,figurer,22,_,_,29,9,30
"D' ailleurs, il faut le remarquer, Mr. Fogg jouait évidemment pour jouer, non pour gagner.",NaN,faut,D' ailleurs,NaN,root,obl:mod,,5,2,falloir,0,_,_,30,9,31
"D' ailleurs, il faut le remarquer, Mr. Fogg jouait évidemment pour jouer, non pour gagner.",NaN,remarquer,le,NaN,xcomp,obj,,7,6,remarquer,5,_,_,30,9,31
"D' ailleurs, il faut le remarquer, Mr. Fogg jouait évidemment pour jouer, non pour gagner.",Mr. Fogg,jouait,NaN,nsubj,advcl,NaN,9,11,,jouer,5,_,_,30,9,31
"D' ailleurs, il faut le remarquer, Mr. Fogg jouait évidemment pour jouer, non pour gagner.",Mr. Fogg,jouer,NaN,nsubj,advcl,NaN,9,14,,jouer,11,_,_,30,9,31
"D' ailleurs, il faut le remarquer, Mr. Fogg jouait évidemment pour jouer, non pour gagner.",NaN,gagner,NaN,NaN,advcl,NaN,,18,,gagner,14,Dpt au sens large,VERB,30,9,31
"Le jeu était pour lui un combat, une lutte contre une difficulté, mais une lutte sans mouvement, sans déplacement, sans fatigue, et cela allait à son caractère.",cela,allait,à son caractère,nsubj,conj,obl:arg,28,29,32,aller,7,_,_,31,9,32
"On ne connaissait à Phileas Fogg ni femme ni enfants,- ce qui peut arriver aux gens les plus honnêtes,- ni parents ni amis,- ce qui est plus rare en vérité.",On,connaissait,à Phileas Fogg ni femme ni enfants,nsubj,root,obl:arg,1,3,5,connaître,0,_,_,32,10,33
"On ne connaissait à Phileas Fogg ni femme ni enfants,- ce qui peut arriver aux gens les plus honnêtes,- ni parents ni amis,- ce qui est plus rare en vérité.",On,connaissait,ce,nsubj,root,obj,1,3,13,connaître,0,_,_,32,10,33
"On ne connaissait à Phileas Fogg ni femme ni enfants,- ce qui peut arriver aux gens les plus honnêtes,- ni parents ni amis,- ce qui est plus rare en vérité.",qui,peut,NaN,nsubj,acl:relcl,NaN,14,15,,pouvoir,13,_,_,32,10,33
"On ne connaissait à Phileas Fogg ni femme ni enfants,- ce qui peut arriver aux gens les plus honnêtes,- ni parents ni amis,- ce qui est plus rare en vérité.",qui,arriver,aux gens les plus honnêtes,nsubj,xcomp,obl:arg,14,16,18,arriver,15,Dpt au sens large,VERB,32,10,33
"Phileas Fogg vivait seul dans sa maison de Saville - row, où personne ne pénétrait.",Phileas Fogg,vivait,dans sa maison de Saville - row,nsubj,root,obl:mod,1,3,7,vivre,0,41,PER,33,10,34
"Phileas Fogg vivait seul dans sa maison de Saville - row, où personne ne pénétrait.",personne,pénétrait,où,nsubj,acl:relcl,iobj,14,16,13,pénétrer,7,_,_,33,10,34
Un seul domestique suffisait à le servir.,Un seul domestique,suffisait,NaN,nsubj,root,NaN,3,4,,suffire,0,_,_,35,10,36
Un seul domestique suffisait à le servir.,Un seul domestique,servir,le,nsubj,xcomp,obj,3,7,6,servir,4,_,_,35,10,36
"Déjeunant, dînant au club à des heures chronométriquement déterminées, dans la même salle, à la même table, ne traitant point ses collègues, n' invitant aucun étranger, il ne rentrait chez lui que pour se coucher, à minuit précis, sans jamais user de ces chambres confortables que le Reform - Club tient à la disposition des membres du cercle.",NaN,Déjeunant,NaN,NaN,advcl,NaN,,1,,déjeuner,23,36,PER,36,10,37
"Déjeunant, dînant au club à des heures chronométriquement déterminées, dans la même salle, à la même table, ne traitant point ses collègues, n' invitant aucun étranger, il ne rentrait chez lui que pour se coucher, à minuit précis, sans jamais user de ces chambres confortables que le Reform - Club tient à la disposition des membres du cercle.",NaN,dînant,au club,NaN,advcl,obl:arg,,3,5,dîner,1,37,PER,36,10,37
"Déjeunant, dînant au club à des heures chronométriquement déterminées, dans la même salle, à la même table, ne traitant point ses collègues, n' invitant aucun étranger, il ne rentrait chez lui que pour se coucher, à minuit précis, sans jamais user de ces chambres confortables que le Reform - Club tient à la disposition des membres du cercle.",NaN,dînant,à des heures,NaN,advcl,obl:mod,,3,8,dîner,1,37,PER,36,10,37
"Déjeunant, dînant au club à des heures chronométriquement déterminées, dans la même salle, à la même table, ne traitant point ses collègues, n' invitant aucun étranger, il ne rentrait chez lui que pour se coucher, à minuit précis, sans jamais user de ces chambres confortables que le Reform - Club tient à la disposition des membres du cercle.",NaN,dînant,dans la même salle,NaN,advcl,obl:mod,,3,15,dîner,1,37,PER,36,10,37
"Déjeunant, dînant au club à des heures chronométriquement déterminées, dans la même salle, à la même table, ne traitant point ses collègues, n' invitant aucun étranger, il ne rentrait chez lui que pour se coucher, à minuit précis, sans jamais user de ces chambres confortables que le Reform - Club tient à la disposition des membres du cercle.",NaN,dînant,à la même table,NaN,advcl,obl:mod,,3,20,dîner,1,37,PER,36,10,37
"Déjeunant, dînant au club à des heures chronométriquement déterminées, dans la même salle, à la même table, ne traitant point ses collègues, n' invitant aucun étranger, il ne rentrait chez lui que pour se coucher, à minuit précis, sans jamais user de ces chambres confortables que le Reform - Club tient à la disposition des membres du cercle.",NaN,déterminées,NaN,NaN,acl,NaN,,10,,déterminer,8,23,TIME,36,10,37
"Déjeunant, dînant au club à des heures chronométriquement déterminées, dans la même salle, à la même table, ne traitant point ses collègues, n' invitant aucun étranger, il ne rentrait chez lui que pour se coucher, à minuit précis, sans jamais user de ces chambres confortables que le Reform - Club tient à la disposition des membres du cercle.",il,traitant,ses collègues,nsubj,advcl,obj,33,23,26,traiter,35,_,_,36,10,37
"Déjeunant, dînant au club à des heures chronométriquement déterminées, dans la même salle, à la même table, ne traitant point ses collègues, n' invitant aucun étranger, il ne rentrait chez lui que pour se coucher, à minuit précis, sans jamais user de ces chambres confortables que le Reform - Club tient à la disposition des membres du cercle.",il,invitant,aucun étranger,nsubj,conj,obj,33,29,31,inviter,23,_,_,36,10,37
"Déjeunant, dînant au club à des heures chronométriquement déterminées, dans la même salle, à la même table, ne traitant point ses collègues, n' invitant aucun étranger, il ne rentrait chez lui que pour se coucher, à minuit précis, sans jamais user de ces chambres confortables que le Reform - Club tient à la disposition des membres du cercle.",il,rentrait,chez lui,nsubj,root,obl:arg,33,35,37,rentraire,0,43,PER,36,10,37
"Déjeunant, dînant au club à des heures chronométriquement déterminées, dans la même salle, à la même table, ne traitant point ses collègues, n' invitant aucun étranger, il ne rentrait chez lui que pour se coucher, à minuit précis, sans jamais user de ces chambres confortables que le Reform - Club tient à la disposition des membres du cercle.",il,coucher,se,nsubj,xcomp,expl:comp,33,41,40,coucher,35,35,PER,36,10,37
"Déjeunant, dînant au club à des heures chronométriquement déterminées, dans la même salle, à la même table, ne traitant point ses collègues, n' invitant aucun étranger, il ne rentrait chez lui que pour se coucher, à minuit précis, sans jamais user de ces chambres confortables que le Reform - Club tient à la disposition des membres du cercle.",il,coucher,à minuit précis,nsubj,xcomp,obl:mod,33,41,44,coucher,35,35,PER,36,10,37
"Déjeunant, dînant au club à des heures chronométriquement déterminées, dans la même salle, à la même table, ne traitant point ses collègues, n' invitant aucun étranger, il ne rentrait chez lui que pour se coucher, à minuit précis, sans jamais user de ces chambres confortables que le Reform - Club tient à la disposition des membres du cercle.",NaN,user,de ces chambres confortables,NaN,advcl,obl:arg,,49,52,user,41,_,_,36,10,37
"Déjeunant, dînant au club à des heures chronométriquement déterminées, dans la même salle, à la même table, ne traitant point ses collègues, n' invitant aucun étranger, il ne rentrait chez lui que pour se coucher, à minuit précis, sans jamais user de ces chambres confortables que le Reform - Club tient à la disposition des membres du cercle.",le Reform - Club,tient,que,nsubj,acl:relcl,obj,58,59,54,tenir,52,_,_,36,10,37
"Déjeunant, dînant au club à des heures chronométriquement déterminées, dans la même salle, à la même table, ne traitant point ses collègues, n' invitant aucun étranger, il ne rentrait chez lui que pour se coucher, à minuit précis, sans jamais user de ces chambres confortables que le Reform - Club tient à la disposition des membres du cercle.",le Reform - Club,tient,à la disposition des membres du cercle,nsubj,acl:relcl,obl:arg,58,59,62,tenir,52,_,_,36,10,37
"Sur vingt-quatre heures, il en passait dix à son domicile, soit qu' il dormît, soit qu' il s' occupât de sa toilette.",il,passait,Sur vingt-quatre heures,nsubj,root,obl:mod,5,7,3,passer,0,29,PER,37,10,38
"Sur vingt-quatre heures, il en passait dix à son domicile, soit qu' il dormît, soit qu' il s' occupât de sa toilette.",il,passait,dix,nsubj,root,obj,5,7,8,passer,0,29,PER,37,10,38
"Sur vingt-quatre heures, il en passait dix à son domicile, soit qu' il dormît, soit qu' il s' occupât de sa toilette.",il,passait,à son domicile,nsubj,root,obl:mod,5,7,11,passer,0,29,PER,37,10,38
"Sur vingt-quatre heures, il en passait dix à son domicile, soit qu' il dormît, soit qu' il s' occupât de sa toilette.",il,dormît,NaN,nsubj,conj,NaN,15,16,,dormir,7,_,_,37,10,38
"Sur vingt-quatre heures, il en passait dix à son domicile, soit qu' il dormît, soit qu' il s' occupât de sa toilette.",il,occupât,s',nsubj,conj,expl:comp,20,22,21,occuper,16,_,_,37,10,38
"Sur vingt-quatre heures, il en passait dix à son domicile, soit qu' il dormît, soit qu' il s' occupât de sa toilette.",il,occupât,de sa toilette,nsubj,conj,obl:arg,20,22,25,occuper,16,_,_,37,10,38
"S' il se promenait, c' était invariablement, d' un pas égal, dans la salle d' entrée parquetée en marqueterie, ou sur la galerie circulaire, au-dessus de laquelle s' arrondit un dôme à vitraux bleus, que supportent vingt colonnes ioniques en porphyre rouge.",il,promenait,se,nsubj,root,expl:comp,2,4,3,promener,0,39,PER,38,10,39
"S' il se promenait, c' était invariablement, d' un pas égal, dans la salle d' entrée parquetée en marqueterie, ou sur la galerie circulaire, au-dessus de laquelle s' arrondit un dôme à vitraux bleus, que supportent vingt colonnes ioniques en porphyre rouge.",il,promenait,d' un pas égal,nsubj,root,obl:mod,2,4,12,promener,0,39,PER,38,10,39
"S' il se promenait, c' était invariablement, d' un pas égal, dans la salle d' entrée parquetée en marqueterie, ou sur la galerie circulaire, au-dessus de laquelle s' arrondit un dôme à vitraux bleus, que supportent vingt colonnes ioniques en porphyre rouge.",il,promenait,dans la salle d' entrée ou sur la galerie circulaire,nsubj,root,obl:mod,2,4,17,promener,0,39,PER,38,10,39
"S' il se promenait, c' était invariablement, d' un pas égal, dans la salle d' entrée parquetée en marqueterie, ou sur la galerie circulaire, au-dessus de laquelle s' arrondit un dôme à vitraux bleus, que supportent vingt colonnes ioniques en porphyre rouge.",NaN,parquetée,en marqueterie,NaN,acl,obl:mod,,20,22,parqueter,17,62,FAC,38,10,39
"S' il se promenait, c' était invariablement, d' un pas égal, dans la salle d' entrée parquetée en marqueterie, ou sur la galerie circulaire, au-dessus de laquelle s' arrondit un dôme à vitraux bleus, que supportent vingt colonnes ioniques en porphyre rouge.",un dôme à vitraux bleus,arrondit,s',nsubj,acl:relcl,expl:comp,36,34,33,arrondir,27,_,_,38,10,39
"S' il se promenait, c' était invariablement, d' un pas égal, dans la salle d' entrée parquetée en marqueterie, ou sur la galerie circulaire, au-dessus de laquelle s' arrondit un dôme à vitraux bleus, que supportent vingt colonnes ioniques en porphyre rouge.",vingt colonnes ioniques en porphyre rouge,supportent,que,nsubj,acl:relcl,obj,44,42,41,supporter,27,_,_,38,10,39
"S' il dînait ou déjeunait, c' étaient les cuisines, le garde-manger, l' office, la poissonnerie, la laiterie du club, qui fournissaient à sa table leurs succulentes réserves; c' étaient les domestiques du club, graves personnages en habit noir, chaussés de souliers à semelles de molleton, qui le servaient dans une porcelaine spéciale et sur un admirable linge en toile de Saxe; c' étaient les cristaux à moule perdu du club qui contenaient son sherry, son porto ou son claret mélangé de cannelle, de capillaire et de cinnamome; c' était enfin la glace du club - glace venue à grands frais des lacs d' Amérique- qui entretenait ses boissons dans un satisfaisant état de fraîcheur.",il,dînait,NaN,nsubj,advcl,NaN,2,3,,dîner,10,_,_,39,10,40
"S' il dînait ou déjeunait, c' étaient les cuisines, le garde-manger, l' office, la poissonnerie, la laiterie du club, qui fournissaient à sa table leurs succulentes réserves; c' étaient les domestiques du club, graves personnages en habit noir, chaussés de souliers à semelles de molleton, qui le servaient dans une porcelaine spéciale et sur un admirable linge en toile de Saxe; c' étaient les cristaux à moule perdu du club qui contenaient son sherry, son porto ou son claret mélangé de cannelle, de capillaire et de cinnamome; c' était enfin la glace du club - glace venue à grands frais des lacs d' Amérique- qui entretenait ses boissons dans un satisfaisant état de fraîcheur.",il,déjeunait,NaN,nsubj,conj,NaN,2,5,,déjeuner,3,_,_,39,10,40
"S' il dînait ou déjeunait, c' étaient les cuisines, le garde-manger, l' office, la poissonnerie, la laiterie du club, qui fournissaient à sa table leurs succulentes réserves; c' étaient les domestiques du club, graves personnages en habit noir, chaussés de souliers à semelles de molleton, qui le servaient dans une porcelaine spéciale et sur un admirable linge en toile de Saxe; c' étaient les cristaux à moule perdu du club qui contenaient son sherry, son porto ou son claret mélangé de cannelle, de capillaire et de cinnamome; c' était enfin la glace du club - glace venue à grands frais des lacs d' Amérique- qui entretenait ses boissons dans un satisfaisant état de fraîcheur.",qui,fournissaient,à sa table,nsubj,dep,obl:arg,26,27,30,fournir,10,_,_,39,10,40
"S' il dînait ou déjeunait, c' étaient les cuisines, le garde-manger, l' office, la poissonnerie, la laiterie du club, qui fournissaient à sa table leurs succulentes réserves; c' étaient les domestiques du club, graves personnages en habit noir, chaussés de souliers à semelles de molleton, qui le servaient dans une porcelaine spéciale et sur un admirable linge en toile de Saxe; c' étaient les cristaux à moule perdu du club qui contenaient son sherry, son porto ou son claret mélangé de cannelle, de capillaire et de cinnamome; c' était enfin la glace du club - glace venue à grands frais des lacs d' Amérique- qui entretenait ses boissons dans un satisfaisant état de fraîcheur.",qui,fournissaient,leurs succulentes réserves,nsubj,dep,obj,26,27,33,fournir,10,_,_,39,10,40
"S' il dînait ou déjeunait, c' étaient les cuisines, le garde-manger, l' office, la poissonnerie, la laiterie du club, qui fournissaient à sa table leurs succulentes réserves; c' étaient les domestiques du club, graves personnages en habit noir, chaussés de souliers à semelles de molleton, qui le servaient dans une porcelaine spéciale et sur un admirable linge en toile de Saxe; c' étaient les cristaux à moule perdu du club qui contenaient son sherry, son porto ou son claret mélangé de cannelle, de capillaire et de cinnamome; c' était enfin la glace du club - glace venue à grands frais des lacs d' Amérique- qui entretenait ses boissons dans un satisfaisant état de fraîcheur.",NaN,chaussés,de souliers à semelles de molleton,NaN,acl,obl:arg,,48,50,chausser,43,10,PER,39,10,40
"S' il dînait ou déjeunait, c' étaient les cuisines, le garde-manger, l' office, la poissonnerie, la laiterie du club, qui fournissaient à sa table leurs succulentes réserves; c' étaient les domestiques du club, graves personnages en habit noir, chaussés de souliers à semelles de molleton, qui le servaient dans une porcelaine spéciale et sur un admirable linge en toile de Saxe; c' étaient les cristaux à moule perdu du club qui contenaient son sherry, son porto ou son claret mélangé de cannelle, de capillaire et de cinnamome; c' était enfin la glace du club - glace venue à grands frais des lacs d' Amérique- qui entretenait ses boissons dans un satisfaisant état de fraîcheur.",qui,servaient,le,nsubj,dep,obj,56,58,57,servir,38,_,_,39,10,40
"S' il dînait ou déjeunait, c' étaient les cuisines, le garde-manger, l' office, la poissonnerie, la laiterie du club, qui fournissaient à sa table leurs succulentes réserves; c' étaient les domestiques du club, graves personnages en habit noir, chaussés de souliers à semelles de molleton, qui le servaient dans une porcelaine spéciale et sur un admirable linge en toile de Saxe; c' étaient les cristaux à moule perdu du club qui contenaient son sherry, son porto ou son claret mélangé de cannelle, de capillaire et de cinnamome; c' était enfin la glace du club - glace venue à grands frais des lacs d' Amérique- qui entretenait ses boissons dans un satisfaisant état de fraîcheur.",qui,servaient,dans une porcelaine spéciale et sur un admirable linge en toile de Saxe,nsubj,dep,obl:mod,56,58,61,servir,38,_,_,39,10,40
"S' il dînait ou déjeunait, c' étaient les cuisines, le garde-manger, l' office, la poissonnerie, la laiterie du club, qui fournissaient à sa table leurs succulentes réserves; c' étaient les domestiques du club, graves personnages en habit noir, chaussés de souliers à semelles de molleton, qui le servaient dans une porcelaine spéciale et sur un admirable linge en toile de Saxe; c' étaient les cristaux à moule perdu du club qui contenaient son sherry, son porto ou son claret mélangé de cannelle, de capillaire et de cinnamome; c' était enfin la glace du club - glace venue à grands frais des lacs d' Amérique- qui entretenait ses boissons dans un satisfaisant état de fraîcheur.",NaN,perdu,NaN,NaN,acl,NaN,,79,,perdre,78,_,_,39,10,40
"S' il dînait ou déjeunait, c' étaient les cuisines, le garde-manger, l' office, la poissonnerie, la laiterie du club, qui fournissaient à sa table leurs succulentes réserves; c' étaient les domestiques du club, graves personnages en habit noir, chaussés de souliers à semelles de molleton, qui le servaient dans une porcelaine spéciale et sur un admirable linge en toile de Saxe; c' étaient les cristaux à moule perdu du club qui contenaient son sherry, son porto ou son claret mélangé de cannelle, de capillaire et de cinnamome; c' était enfin la glace du club - glace venue à grands frais des lacs d' Amérique- qui entretenait ses boissons dans un satisfaisant état de fraîcheur.",qui,contenaient,son sherry son porto ou son claret,nsubj,acl:relcl,obj,82,83,85,contenir,76,_,_,39,10,40
"S' il dînait ou déjeunait, c' étaient les cuisines, le garde-manger, l' office, la poissonnerie, la laiterie du club, qui fournissaient à sa table leurs succulentes réserves; c' étaient les domestiques du club, graves personnages en habit noir, chaussés de souliers à semelles de molleton, qui le servaient dans une porcelaine spéciale et sur un admirable linge en toile de Saxe; c' étaient les cristaux à moule perdu du club qui contenaient son sherry, son porto ou son claret mélangé de cannelle, de capillaire et de cinnamome; c' était enfin la glace du club - glace venue à grands frais des lacs d' Amérique- qui entretenait ses boissons dans un satisfaisant état de fraîcheur.",NaN,mélangé,de cannelle de capillaire et de cinnamome,NaN,acl,obl:arg,,92,94,mélanger,91,_,_,39,10,40
"S' il dînait ou déjeunait, c' étaient les cuisines, le garde-manger, l' office, la poissonnerie, la laiterie du club, qui fournissaient à sa table leurs succulentes réserves; c' étaient les domestiques du club, graves personnages en habit noir, chaussés de souliers à semelles de molleton, qui le servaient dans une porcelaine spéciale et sur un admirable linge en toile de Saxe; c' étaient les cristaux à moule perdu du club qui contenaient son sherry, son porto ou son claret mélangé de cannelle, de capillaire et de cinnamome; c' était enfin la glace du club - glace venue à grands frais des lacs d' Amérique- qui entretenait ses boissons dans un satisfaisant état de fraîcheur.",NaN,venue,à grands frais des lacs d' Amérique,NaN,acl,obl:mod,,111,114,venir,110,59,PER,39,10,40
"S' il dînait ou déjeunait, c' étaient les cuisines, le garde-manger, l' office, la poissonnerie, la laiterie du club, qui fournissaient à sa table leurs succulentes réserves; c' étaient les domestiques du club, graves personnages en habit noir, chaussés de souliers à semelles de molleton, qui le servaient dans une porcelaine spéciale et sur un admirable linge en toile de Saxe; c' étaient les cristaux à moule perdu du club qui contenaient son sherry, son porto ou son claret mélangé de cannelle, de capillaire et de cinnamome; c' était enfin la glace du club - glace venue à grands frais des lacs d' Amérique- qui entretenait ses boissons dans un satisfaisant état de fraîcheur.",qui,entretenait,ses boissons,nsubj,acl:relcl,obj,120,121,123,entretenir,106,_,_,39,10,40
"S' il dînait ou déjeunait, c' étaient les cuisines, le garde-manger, l' office, la poissonnerie, la laiterie du club, qui fournissaient à sa table leurs succulentes réserves; c' étaient les domestiques du club, graves personnages en habit noir, chaussés de souliers à semelles de molleton, qui le servaient dans une porcelaine spéciale et sur un admirable linge en toile de Saxe; c' étaient les cristaux à moule perdu du club qui contenaient son sherry, son porto ou son claret mélangé de cannelle, de capillaire et de cinnamome; c' était enfin la glace du club - glace venue à grands frais des lacs d' Amérique- qui entretenait ses boissons dans un satisfaisant état de fraîcheur.",qui,entretenait,dans un satisfaisant état de fraîcheur,nsubj,acl:relcl,obl:mod,120,121,127,entretenir,106,_,_,39,10,40
"Si vivre dans ces conditions, c' est être un excentrique, il faut convenir que l' excentricité a du bon!",NaN,vivre,dans ces conditions,NaN,advcl,obl:arg,,2,5,vivre,8,_,_,40,11,41
"Si vivre dans ces conditions, c' est être un excentrique, il faut convenir que l' excentricité a du bon!",NaN,est,NaN,NaN,advcl,NaN,,8,,être,14,_,_,40,11,41
"Si vivre dans ces conditions, c' est être un excentrique, il faut convenir que l' excentricité a du bon!",NaN,faut,NaN,NaN,root,NaN,,14,,falloir,0,_,_,40,11,41
"Si vivre dans ces conditions, c' est être un excentrique, il faut convenir que l' excentricité a du bon!",NaN,convenir,NaN,NaN,xcomp,NaN,,15,,convenir,14,_,_,40,11,41
"Si vivre dans ces conditions, c' est être un excentrique, il faut convenir que l' excentricité a du bon!",l' excentricité,a,du bon,nsubj,ccomp,obj,18,19,21,avoir,15,_,_,40,11,41
"La maison de Saville - row, sans être somptueuse, se recommandait par un extrême confort.",NaN,recommandait,se,NaN,root,expl:comp,,13,12,recommander,0,_,_,41,12,42
"La maison de Saville - row, sans être somptueuse, se recommandait par un extrême confort.",NaN,recommandait,par un extrême confort,NaN,root,obl:mod,,13,17,recommander,0,_,_,41,12,42
"D' ailleurs, avec les habitudes invariables du locataire, le service s' y réduisait à peu.",le service,réduisait,D' ailleurs,nsubj,root,obl:mod,12,15,2,réduire,0,_,_,42,12,43
"D' ailleurs, avec les habitudes invariables du locataire, le service s' y réduisait à peu.",le service,réduisait,avec les habitudes invariables du locataire,nsubj,root,obl:mod,12,15,6,réduire,0,_,_,42,12,43
"D' ailleurs, avec les habitudes invariables du locataire, le service s' y réduisait à peu.",le service,réduisait,s',nsubj,root,expl:comp,12,15,13,réduire,0,_,_,42,12,43
"D' ailleurs, avec les habitudes invariables du locataire, le service s' y réduisait à peu.",le service,réduisait,y,nsubj,root,iobj,12,15,14,réduire,0,_,_,42,12,43
"Toutefois, Phileas Fogg exigeait de son unique domestique une ponctualité, une régularité extraordinaires.",Phileas Fogg,exigeait,de son unique domestique,nsubj,root,obl:arg,3,5,9,exiger,0,_,_,43,12,44
"Toutefois, Phileas Fogg exigeait de son unique domestique une ponctualité, une régularité extraordinaires.",Phileas Fogg,exigeait,une ponctualité une régularité extraordinaires,nsubj,root,obj,3,5,11,exiger,0,_,_,43,12,44
"Ce jour -là même, 2 octobre, Phileas Fogg avait donné son congé à James Forster- ce garçon s' étant rendu coupable de lui avoir apporté pour sa barbe de l' eau à quatre-vingt-quatre degrés Fahrenheit au lieu de quatre-vingt-six -, et il attendait son successeur, qui devait se présenter entre onze heures et onze heures et demie.",Phileas Fogg,donné,Ce jour -là même,nsubj,root,obl:mod,9,12,2,donner,0,_,_,44,12,45
"Ce jour -là même, 2 octobre, Phileas Fogg avait donné son congé à James Forster- ce garçon s' étant rendu coupable de lui avoir apporté pour sa barbe de l' eau à quatre-vingt-quatre degrés Fahrenheit au lieu de quatre-vingt-six -, et il attendait son successeur, qui devait se présenter entre onze heures et onze heures et demie.",Phileas Fogg,donné,2 octobre,nsubj,root,obl:mod,9,12,6,donner,0,_,_,44,12,45
"Ce jour -là même, 2 octobre, Phileas Fogg avait donné son congé à James Forster- ce garçon s' étant rendu coupable de lui avoir apporté pour sa barbe de l' eau à quatre-vingt-quatre degrés Fahrenheit au lieu de quatre-vingt-six -, et il attendait son successeur, qui devait se présenter entre onze heures et onze heures et demie.",Phileas Fogg,donné,son congé,nsubj,root,obj,9,12,14,donner,0,_,_,44,12,45
"Ce jour -là même, 2 octobre, Phileas Fogg avait donné son congé à James Forster- ce garçon s' étant rendu coupable de lui avoir apporté pour sa barbe de l' eau à quatre-vingt-quatre degrés Fahrenheit au lieu de quatre-vingt-six -, et il attendait son successeur, qui devait se présenter entre onze heures et onze heures et demie.",Phileas Fogg,donné,à James Forster,nsubj,root,obl:arg,9,12,16,donner,0,_,_,44,12,45
"Ce jour -là même, 2 octobre, Phileas Fogg avait donné son congé à James Forster- ce garçon s' étant rendu coupable de lui avoir apporté pour sa barbe de l' eau à quatre-vingt-quatre degrés Fahrenheit au lieu de quatre-vingt-six -, et il attendait son successeur, qui devait se présenter entre onze heures et onze heures et demie.",ce garçon,rendu,s',nsubj,acl,expl:comp,20,23,21,rendre,16,_,_,44,12,45
"Ce jour -là même, 2 octobre, Phileas Fogg avait donné son congé à James Forster- ce garçon s' étant rendu coupable de lui avoir apporté pour sa barbe de l' eau à quatre-vingt-quatre degrés Fahrenheit au lieu de quatre-vingt-six -, et il attendait son successeur, qui devait se présenter entre onze heures et onze heures et demie.",ce garçon,apporté,lui,nsubj,xcomp,iobj,20,28,26,apporter,23,_,_,44,12,45
"Ce jour -là même, 2 octobre, Phileas Fogg avait donné son congé à James Forster- ce garçon s' étant rendu coupable de lui avoir apporté pour sa barbe de l' eau à quatre-vingt-quatre degrés Fahrenheit au lieu de quatre-vingt-six -, et il attendait son successeur, qui devait se présenter entre onze heures et onze heures et demie.",ce garçon,apporté,pour sa barbe de l' eau à quatre-vingt-quatre degrés Fahrenheit,nsubj,xcomp,obl:mod,20,28,31,apporter,23,_,_,44,12,45
"Ce jour -là même, 2 octobre, Phileas Fogg avait donné son congé à James Forster- ce garçon s' étant rendu coupable de lui avoir apporté pour sa barbe de l' eau à quatre-vingt-quatre degrés Fahrenheit au lieu de quatre-vingt-six -, et il attendait son successeur, qui devait se présenter entre onze heures et onze heures et demie.",ce garçon,apporté,au lieu de quatre-vingt-six -,nsubj,xcomp,obl:mod,20,28,40,apporter,23,_,_,44,12,45
"Ce jour -là même, 2 octobre, Phileas Fogg avait donné son congé à James Forster- ce garçon s' étant rendu coupable de lui avoir apporté pour sa barbe de l' eau à quatre-vingt-quatre degrés Fahrenheit au lieu de quatre-vingt-six -, et il attendait son successeur, qui devait se présenter entre onze heures et onze heures et demie.",il,attendait,son successeur,nsubj,conj,obj,46,47,49,attendre,12,_,_,44,12,45
"Ce jour -là même, 2 octobre, Phileas Fogg avait donné son congé à James Forster- ce garçon s' étant rendu coupable de lui avoir apporté pour sa barbe de l' eau à quatre-vingt-quatre degrés Fahrenheit au lieu de quatre-vingt-six -, et il attendait son successeur, qui devait se présenter entre onze heures et onze heures et demie.",qui,devait,NaN,nsubj,acl:relcl,NaN,51,52,,devoir,49,_,_,44,12,45
"Ce jour -là même, 2 octobre, Phileas Fogg avait donné son congé à James Forster- ce garçon s' étant rendu coupable de lui avoir apporté pour sa barbe de l' eau à quatre-vingt-quatre degrés Fahrenheit au lieu de quatre-vingt-six -, et il attendait son successeur, qui devait se présenter entre onze heures et onze heures et demie.",qui,présenter,se,nsubj,xcomp,expl:comp,51,54,53,présenter,52,_,_,44,12,45
"Ce jour -là même, 2 octobre, Phileas Fogg avait donné son congé à James Forster- ce garçon s' étant rendu coupable de lui avoir apporté pour sa barbe de l' eau à quatre-vingt-quatre degrés Fahrenheit au lieu de quatre-vingt-six -, et il attendait son successeur, qui devait se présenter entre onze heures et onze heures et demie.",qui,présenter,entre onze heures et onze heures et demie,nsubj,xcomp,obl:mod,51,54,57,présenter,52,_,_,44,12,45
"Phileas Fogg, carrément assis dans son fauteuil, les deux pieds rapprochés comme ceux d' un soldat à la parade, les mains appuyées sur les genoux, le corps droit, la tête haute, regardait marcher l' aiguille de la pendule,- appareil compliqué qui indiquait les heures, les minutes, les secondes, les jours, les quantièmes et l' année.",NaN,assis,dans son fauteuil,NaN,acl,obl:arg,,5,8,asseoir,1,52,PER,45,13,46
"Phileas Fogg, carrément assis dans son fauteuil, les deux pieds rapprochés comme ceux d' un soldat à la parade, les mains appuyées sur les genoux, le corps droit, la tête haute, regardait marcher l' aiguille de la pendule,- appareil compliqué qui indiquait les heures, les minutes, les secondes, les jours, les quantièmes et l' année.",NaN,assis,les deux pieds comme ceux d' un soldat à la parade les mains le corps droit la tête haute,NaN,acl,obl:mod,,5,12,asseoir,1,52,PER,45,13,46
"Phileas Fogg, carrément assis dans son fauteuil, les deux pieds rapprochés comme ceux d' un soldat à la parade, les mains appuyées sur les genoux, le corps droit, la tête haute, regardait marcher l' aiguille de la pendule,- appareil compliqué qui indiquait les heures, les minutes, les secondes, les jours, les quantièmes et l' année.",NaN,rapprochés,NaN,NaN,acl,NaN,,13,,rapprocher,12,_,_,45,13,46
"Phileas Fogg, carrément assis dans son fauteuil, les deux pieds rapprochés comme ceux d' un soldat à la parade, les mains appuyées sur les genoux, le corps droit, la tête haute, regardait marcher l' aiguille de la pendule,- appareil compliqué qui indiquait les heures, les minutes, les secondes, les jours, les quantièmes et l' année.",NaN,appuyées,sur les genoux,NaN,acl,obl:arg,,25,28,appuyer,24,_,_,45,13,46
"Phileas Fogg, carrément assis dans son fauteuil, les deux pieds rapprochés comme ceux d' un soldat à la parade, les mains appuyées sur les genoux, le corps droit, la tête haute, regardait marcher l' aiguille de la pendule,- appareil compliqué qui indiquait les heures, les minutes, les secondes, les jours, les quantièmes et l' année.",Phileas Fogg,regardait,NaN,nsubj,root,NaN,1,38,,regarder,0,_,_,45,13,46
"Phileas Fogg, carrément assis dans son fauteuil, les deux pieds rapprochés comme ceux d' un soldat à la parade, les mains appuyées sur les genoux, le corps droit, la tête haute, regardait marcher l' aiguille de la pendule,- appareil compliqué qui indiquait les heures, les minutes, les secondes, les jours, les quantièmes et l' année.",Phileas Fogg,marcher,l' aiguille de la pendule appareil compliqué,nsubj,xcomp,obj,1,39,41,marcher,38,Dpt au sens large,VERB,45,13,46
"Phileas Fogg, carrément assis dans son fauteuil, les deux pieds rapprochés comme ceux d' un soldat à la parade, les mains appuyées sur les genoux, le corps droit, la tête haute, regardait marcher l' aiguille de la pendule,- appareil compliqué qui indiquait les heures, les minutes, les secondes, les jours, les quantièmes et l' année.",qui,indiquait,les heures les minutes les secondes les jours les quantièmes et l' année,nsubj,acl:relcl,obj,49,50,52,indiquer,47,_,_,45,13,46
"À onze heures et demie sonnant, Mr. Fogg devait, suivant sa quotidienne habitude, quitter la maison et se rendre au Reform - Club.",NaN,sonnant,NaN,NaN,acl,NaN,,6,,sonner,3,5,TIME,46,13,47
"À onze heures et demie sonnant, Mr. Fogg devait, suivant sa quotidienne habitude, quitter la maison et se rendre au Reform - Club.",Mr. Fogg,devait,À onze heures et demie,nsubj,root,obl:mod,8,10,3,devoir,0,67,PER,46,13,47
"À onze heures et demie sonnant, Mr. Fogg devait, suivant sa quotidienne habitude, quitter la maison et se rendre au Reform - Club.",Mr. Fogg,devait,sa quotidienne habitude,nsubj,root,obl:mod,8,10,15,devoir,0,67,PER,46,13,47
"À onze heures et demie sonnant, Mr. Fogg devait, suivant sa quotidienne habitude, quitter la maison et se rendre au Reform - Club.",NaN,suivant,NaN,NaN,case,NaN,,12,,suivre,15,51,PER,46,13,47
"À onze heures et demie sonnant, Mr. Fogg devait, suivant sa quotidienne habitude, quitter la maison et se rendre au Reform - Club.",Mr. Fogg,quitter,la maison,nsubj,xcomp,obj,8,17,19,quitter,10,65,PER,46,13,47
"À onze heures et demie sonnant, Mr. Fogg devait, suivant sa quotidienne habitude, quitter la maison et se rendre au Reform - Club.",Mr. Fogg,rendre,se,nsubj,conj,expl:comp,8,22,21,rendre,17,66,PER,46,13,47
"À onze heures et demie sonnant, Mr. Fogg devait, suivant sa quotidienne habitude, quitter la maison et se rendre au Reform - Club.",Mr. Fogg,rendre,au Reform,nsubj,conj,obl:arg,8,22,24,rendre,17,66,PER,46,13,47
"À onze heures et demie sonnant, Mr. Fogg devait, suivant sa quotidienne habitude, quitter la maison et se rendre au Reform - Club.",Mr. Fogg,rendre,-,nsubj,conj,obl:arg,8,22,25,rendre,17,66,PER,46,13,47
"À onze heures et demie sonnant, Mr. Fogg devait, suivant sa quotidienne habitude, quitter la maison et se rendre au Reform - Club.",Mr. Fogg,rendre,Club,nsubj,conj,obl:arg,8,22,26,rendre,17,66,PER,46,13,47
"En ce moment, on frappa à la porte du petit salon Dans lequel se tenait Phileas Fogg.",on,frappa,En ce moment,nsubj,advcl,obl:mod,5,6,3,frapper,14,_,_,47,14,48
"En ce moment, on frappa à la porte du petit salon Dans lequel se tenait Phileas Fogg.",on,frappa,à la porte du petit salon,nsubj,advcl,obl:arg,5,6,9,frapper,14,_,_,47,14,48
"En ce moment, on frappa à la porte du petit salon Dans lequel se tenait Phileas Fogg.",Phileas Fogg,tenait,Dans lequel,nsubj,conj,obl:mod,17,16,14,tenir,6,25,PER,47,14,48
"En ce moment, on frappa à la porte du petit salon Dans lequel se tenait Phileas Fogg.",Phileas Fogg,tenait,se,nsubj,conj,expl:comp,17,16,15,tenir,6,25,PER,47,14,48
"James Forster, le congédié, apparut.",James Forster le congédié,apparut,NaN,nsubj,root,NaN,1,7,,apparaître,0,27,PER,48,15,49
"«Le nouveau domestique», dit -il.",-il,dit,NaN,nsubj,parataxis,NaN,8,7,,dire,4,_,_,49,16,50
Un garçon âgé d' une trentaine d' années se montra et salua.,Un garçon âgé d' une trentaine d' années,montra,se,nsubj,root,expl:comp,2,10,9,montrer,0,50,PER,50,17,51
Un garçon âgé d' une trentaine d' années se montra et salua.,Un garçon âgé d' une trentaine d' années,salua,NaN,nsubj,conj,NaN,2,12,,saluer,10,_,_,50,17,51
«Vous êtes Français et vous vous nommez John? lui demanda Phileas Fogg.,vous,nommez,vous,nsubj,conj,expl:comp,6,8,7,nommer,4,_,_,51,18,52
«Vous êtes Français et vous vous nommez John? lui demanda Phileas Fogg.,Phileas Fogg,demanda,lui,nsubj,root,iobj,13,12,11,demander,0,_,_,51,18,52
"- Jean, n' en déplaise à monsieur, répondit le nouveau venu, Jean Passepartout, un surnom qui m' est resté, et que justifiait mon aptitude naturelle à me tirer d' affaire.",NaN,déplaise,en,NaN,root,iobj,,6,5,déplaire,0,_,_,52,19,53
"- Jean, n' en déplaise à monsieur, répondit le nouveau venu, Jean Passepartout, un surnom qui m' est resté, et que justifiait mon aptitude naturelle à me tirer d' affaire.",NaN,déplaise,à monsieur,NaN,root,obl:arg,,6,8,déplaire,0,_,_,52,19,53
"- Jean, n' en déplaise à monsieur, répondit le nouveau venu, Jean Passepartout, un surnom qui m' est resté, et que justifiait mon aptitude naturelle à me tirer d' affaire.",le nouveau venu Jean Passepartout un surnom,répondit,NaN,nsubj,root,NaN,13,10,,répondre,0,_,_,52,19,53
"- Jean, n' en déplaise à monsieur, répondit le nouveau venu, Jean Passepartout, un surnom qui m' est resté, et que justifiait mon aptitude naturelle à me tirer d' affaire.",qui,resté,m',nsubj,acl:relcl,iobj,20,23,21,rester,19,_,_,52,19,53
"- Jean, n' en déplaise à monsieur, répondit le nouveau venu, Jean Passepartout, un surnom qui m' est resté, et que justifiait mon aptitude naturelle à me tirer d' affaire.",qui,justifiait,mon aptitude naturelle,nsubj,conj,obj,20,27,29,justifier,23,_,_,52,19,53
"- Jean, n' en déplaise à monsieur, répondit le nouveau venu, Jean Passepartout, un surnom qui m' est resté, et que justifiait mon aptitude naturelle à me tirer d' affaire.",NaN,tirer,me,NaN,acl,expl:comp,,33,32,tirer,29,_,_,52,19,53
"- Jean, n' en déplaise à monsieur, répondit le nouveau venu, Jean Passepartout, un surnom qui m' est resté, et que justifiait mon aptitude naturelle à me tirer d' affaire.",NaN,tirer,d' affaire,NaN,acl,obl:arg,,33,35,tirer,29,_,_,52,19,53
"Je crois être un honnête garçon, monsieur, mais, pour être franc, j' ai fait plusieurs métiers.",Je,crois,NaN,nsubj,root,NaN,1,2,,croire,0,_,_,53,19,54
"Je crois être un honnête garçon, monsieur, mais, pour être franc, j' ai fait plusieurs métiers.",j',fait,plusieurs métiers,nsubj,conj,obj,16,18,20,faire,2,_,_,53,19,54
"J' ai été chanteur ambulant, écuyer dans un cirque, faisant de la voltige comme Léotard, et dansant sur la corde comme Blondin; puis je suis devenu professeur de gymnastique, afin de rendre mes talents plus utiles, et, en dernier lieu, j' étais sergent de pompiers, à Paris.",NaN,faisant,de la voltige,NaN,acl,obj,,12,15,faire,4,_,_,54,19,55
"J' ai été chanteur ambulant, écuyer dans un cirque, faisant de la voltige comme Léotard, et dansant sur la corde comme Blondin; puis je suis devenu professeur de gymnastique, afin de rendre mes talents plus utiles, et, en dernier lieu, j' étais sergent de pompiers, à Paris.",NaN,faisant,comme Léotard,NaN,acl,obl:mod,,12,17,faire,4,_,_,54,19,55
"J' ai été chanteur ambulant, écuyer dans un cirque, faisant de la voltige comme Léotard, et dansant sur la corde comme Blondin; puis je suis devenu professeur de gymnastique, afin de rendre mes talents plus utiles, et, en dernier lieu, j' étais sergent de pompiers, à Paris.",J',dansant,sur la corde,nsubj,conj,obl:arg,1,20,23,danser,4,_,_,54,19,55
"J' ai été chanteur ambulant, écuyer dans un cirque, faisant de la voltige comme Léotard, et dansant sur la corde comme Blondin; puis je suis devenu professeur de gymnastique, afin de rendre mes talents plus utiles, et, en dernier lieu, j' étais sergent de pompiers, à Paris.",J',dansant,comme Blondin,nsubj,conj,obl:mod,1,20,25,danser,4,_,_,54,19,55
"J' ai été chanteur ambulant, écuyer dans un cirque, faisant de la voltige comme Léotard, et dansant sur la corde comme Blondin; puis je suis devenu professeur de gymnastique, afin de rendre mes talents plus utiles, et, en dernier lieu, j' étais sergent de pompiers, à Paris.",je,devenu,en dernier lieu,nsubj,root,obl:mod,28,30,47,devenir,0,_,_,54,19,55
"J' ai été chanteur ambulant, écuyer dans un cirque, faisant de la voltige comme Léotard, et dansant sur la corde comme Blondin; puis je suis devenu professeur de gymnastique, afin de rendre mes talents plus utiles, et, en dernier lieu, j' étais sergent de pompiers, à Paris.",je,devenu,à Paris,nsubj,root,obl:mod,28,30,56,devenir,0,_,_,54,19,55
"J' ai été chanteur ambulant, écuyer dans un cirque, faisant de la voltige comme Léotard, et dansant sur la corde comme Blondin; puis je suis devenu professeur de gymnastique, afin de rendre mes talents plus utiles, et, en dernier lieu, j' étais sergent de pompiers, à Paris.",NaN,rendre,mes talents plus utiles,NaN,obl:arg,obj,,37,39,rendre,35,_,_,54,19,55
J' ai même dans mon dossier des incendies remarquables.,J',ai,dans mon dossier,nsubj,root,obl:arg,1,2,6,avoir,0,_,_,55,19,56
J' ai même dans mon dossier des incendies remarquables.,J',ai,des incendies remarquables,nsubj,root,obj,1,2,8,avoir,0,_,_,55,19,56
"Mais voilà cinq ans que j' ai quitté la France et que, voulant goûter de la vie de famille, je suis valet de chambre en Angleterre.",je,voilà,cinq ans,nsubj,advcl,obj,22,2,4,voilà,24,18,TIME,56,19,57
"Mais voilà cinq ans que j' ai quitté la France et que, voulant goûter de la vie de famille, je suis valet de chambre en Angleterre.",j',quitté,la France,nsubj,ccomp,obj,6,8,10,quitter,2,26,PER,56,19,57
"Mais voilà cinq ans que j' ai quitté la France et que, voulant goûter de la vie de famille, je suis valet de chambre en Angleterre.",NaN,voulant,NaN,NaN,obj,NaN,,14,,vouloir,15,_,_,56,19,57
"Mais voilà cinq ans que j' ai quitté la France et que, voulant goûter de la vie de famille, je suis valet de chambre en Angleterre.",j',goûter,NaN,nsubj,conj,obj,6,15,14,goûter,8,_,_,56,19,57
"Mais voilà cinq ans que j' ai quitté la France et que, voulant goûter de la vie de famille, je suis valet de chambre en Angleterre.",j',goûter,de la vie de famille,nsubj,conj,obl:arg,6,15,18,goûter,8,_,_,56,19,57
"Or, me trouvant sans place et ayant appris que M. Phileas Fogg était l' homme le plus exact et le plus sédentaire du Royaume - Uni, je me suis présenté chez monsieur avec l' espérance d' y vivre tranquille et d' oublier jusqu' à ce nom de Passepartout…",je,trouvant,me,nsubj,advcl,expl:comp,29,4,3,trouver,32,_,_,57,19,58
"Or, me trouvant sans place et ayant appris que M. Phileas Fogg était l' homme le plus exact et le plus sédentaire du Royaume - Uni, je me suis présenté chez monsieur avec l' espérance d' y vivre tranquille et d' oublier jusqu' à ce nom de Passepartout…",je,trouvant,sans place,nsubj,advcl,obl:arg,29,4,6,trouver,32,_,_,57,19,58
"Or, me trouvant sans place et ayant appris que M. Phileas Fogg était l' homme le plus exact et le plus sédentaire du Royaume - Uni, je me suis présenté chez monsieur avec l' espérance d' y vivre tranquille et d' oublier jusqu' à ce nom de Passepartout…",je,appris,NaN,nsubj,conj,NaN,29,9,,apprendre,4,_,_,57,19,58
"Or, me trouvant sans place et ayant appris que M. Phileas Fogg était l' homme le plus exact et le plus sédentaire du Royaume - Uni, je me suis présenté chez monsieur avec l' espérance d' y vivre tranquille et d' oublier jusqu' à ce nom de Passepartout…",je,présenté,me,nsubj,root,expl:comp,29,32,30,présenter,0,_,_,57,19,58
"Or, me trouvant sans place et ayant appris que M. Phileas Fogg était l' homme le plus exact et le plus sédentaire du Royaume - Uni, je me suis présenté chez monsieur avec l' espérance d' y vivre tranquille et d' oublier jusqu' à ce nom de Passepartout…",je,présenté,chez monsieur,nsubj,root,obl:arg,29,32,34,présenter,0,_,_,57,19,58
"Or, me trouvant sans place et ayant appris que M. Phileas Fogg était l' homme le plus exact et le plus sédentaire du Royaume - Uni, je me suis présenté chez monsieur avec l' espérance d' y vivre tranquille et d' oublier jusqu' à ce nom de Passepartout…",je,présenté,avec l' espérance,nsubj,root,obl:mod,29,32,37,présenter,0,_,_,57,19,58
"Or, me trouvant sans place et ayant appris que M. Phileas Fogg était l' homme le plus exact et le plus sédentaire du Royaume - Uni, je me suis présenté chez monsieur avec l' espérance d' y vivre tranquille et d' oublier jusqu' à ce nom de Passepartout…",NaN,vivre,y,NaN,acl,iobj,,40,39,vivre,37,_,_,57,19,58
"Or, me trouvant sans place et ayant appris que M. Phileas Fogg était l' homme le plus exact et le plus sédentaire du Royaume - Uni, je me suis présenté chez monsieur avec l' espérance d' y vivre tranquille et d' oublier jusqu' à ce nom de Passepartout…",NaN,oublier,jusqu' à ce nom de Passepartout,NaN,conj,obl:mod,,44,48,oublier,40,_,_,57,19,58
"- Passepartout me convient, répondit le gentleman.",Passepartout,convient,me,nsubj,root,iobj,2,4,3,convier,0,_,_,58,20,59
"- Passepartout me convient, répondit le gentleman.",le gentleman,répondit,NaN,nsubj,parataxis,NaN,8,6,,répondre,4,_,_,58,20,59
Vous m' êtes recommandé.,Vous,recommandé,m',nsubj:pass,root,iobj,1,4,2,recommander,0,_,_,59,20,60
J' ai de bons renseignements sur votre compte.,J',ai,de bons renseignements sur votre compte,nsubj,root,obj,1,2,5,avoir,0,_,_,60,20,61
Vous connaissez mes conditions?,Vous,connaissez,mes conditions,nsubj,root,obj,1,2,4,connaître,0,_,_,61,20,62
Quelle heure avez -vous?,Quelle heure,avez,NaN,nsubj,root,NaN,2,3,,avoir,0,_,_,64,22,65
"- Onze heures vingt-deux, répondit Passepartout, en tirant des profondeurs de son gousset une énorme montre d' argent.",NaN,répondit,NaN,NaN,root,NaN,,6,,répondre,0,_,_,65,23,66
"- Onze heures vingt-deux, répondit Passepartout, en tirant des profondeurs de son gousset une énorme montre d' argent.",NaN,tirant,des profondeurs de son gousset,NaN,advcl,obl:arg,,10,12,tirer,6,_,_,65,23,66
"- Onze heures vingt-deux, répondit Passepartout, en tirant des profondeurs de son gousset une énorme montre d' argent.",NaN,tirant,une énorme montre d' argent,NaN,advcl,obj,,10,18,tirer,6,_,_,65,23,66
"-Vous retardez, dit Mr. Fogg.",-Vous,retardez,NaN,nsubj,root,NaN,1,2,,retarder,0,_,_,66,24,67
"-Vous retardez, dit Mr. Fogg.",Mr. Fogg,dit,NaN,nsubj,parataxis,NaN,5,4,,dire,2,_,_,66,24,67
"- Que monsieur me pardonne, mais c' est impossible.",monsieur,pardonne,me,nsubj,root,iobj,3,5,4,pardonner,0,_,_,67,25,68
-Vous retardez de quatre minutes.,-Vous,retardez,de quatre minutes,nsubj,root,obl:arg,1,2,5,retarder,0,_,_,68,26,69
N' importe.,NaN,importe,NaN,NaN,root,NaN,,2,,importer,0,_,_,69,26,70
Il suffit de constater l' écart.,NaN,suffit,NaN,NaN,root,NaN,,2,,suffire,0,_,_,70,26,71
Il suffit de constater l' écart.,NaN,constater,l' écart,NaN,xcomp,obj,,4,6,constater,2,_,_,70,26,71
"Donc, à partir de ce moment, onze heures vingt-neuf du matin, ce mercredi 2 octobre 1872, vous êtes à mon service.",NaN,partir,NaN,NaN,fixed,NaN,,4,,partir,3,5,TIME,71,26,72
"Donc, à partir de ce moment, onze heures vingt-neuf du matin, ce mercredi 2 octobre 1872, vous êtes à mon service.",vous,êtes,onze heures vingt-neuf du matin,nsubj,root,obl:mod,21,22,10,être,0,_,_,71,26,72
"Donc, à partir de ce moment, onze heures vingt-neuf du matin, ce mercredi 2 octobre 1872, vous êtes à mon service.",vous,êtes,ce mercredi 2 octobre 1872,nsubj,root,obl:mod,21,22,16,être,0,_,_,71,26,72
"Donc, à partir de ce moment, onze heures vingt-neuf du matin, ce mercredi 2 octobre 1872, vous êtes à mon service.",vous,êtes,à mon service,nsubj,root,obl:arg,21,22,25,être,0,_,_,71,26,72
"Cela dit, Phileas Fogg se leva, prit son chapeau de la main gauche, le plaça sur sa tête avec un mouvement d' automate et disparut sans ajouter une parole.",Cela,dit,NaN,nsubj,advcl,NaN,1,2,,dire,7,_,_,73,27,74
"Cela dit, Phileas Fogg se leva, prit son chapeau de la main gauche, le plaça sur sa tête avec un mouvement d' automate et disparut sans ajouter une parole.",Phileas Fogg,leva,se,nsubj,root,expl:comp,4,7,6,lever,0,45,PER,73,27,74
"Cela dit, Phileas Fogg se leva, prit son chapeau de la main gauche, le plaça sur sa tête avec un mouvement d' automate et disparut sans ajouter une parole.",Phileas Fogg,prit,son chapeau,nsubj,conj,obj,4,9,11,prendre,7,_,_,73,27,74
"Cela dit, Phileas Fogg se leva, prit son chapeau de la main gauche, le plaça sur sa tête avec un mouvement d' automate et disparut sans ajouter une parole.",Phileas Fogg,prit,de la main gauche,nsubj,conj,obl:arg,4,9,14,prendre,7,_,_,73,27,74
"Cela dit, Phileas Fogg se leva, prit son chapeau de la main gauche, le plaça sur sa tête avec un mouvement d' automate et disparut sans ajouter une parole.",Phileas Fogg,plaça,le,nsubj,conj,obj,4,18,17,placer,7,_,_,73,27,74
"Cela dit, Phileas Fogg se leva, prit son chapeau de la main gauche, le plaça sur sa tête avec un mouvement d' automate et disparut sans ajouter une parole.",Phileas Fogg,plaça,sur sa tête,nsubj,conj,obl:arg,4,18,21,placer,7,_,_,73,27,74
"Cela dit, Phileas Fogg se leva, prit son chapeau de la main gauche, le plaça sur sa tête avec un mouvement d' automate et disparut sans ajouter une parole.",Phileas Fogg,plaça,avec un mouvement d' automate,nsubj,conj,obl:mod,4,18,24,placer,7,_,_,73,27,74
"Cela dit, Phileas Fogg se leva, prit son chapeau de la main gauche, le plaça sur sa tête avec un mouvement d' automate et disparut sans ajouter une parole.",Phileas Fogg,disparut,NaN,nsubj,conj,NaN,4,28,,disparaître,7,44,PER,73,27,74
"Cela dit, Phileas Fogg se leva, prit son chapeau de la main gauche, le plaça sur sa tête avec un mouvement d' automate et disparut sans ajouter une parole.",NaN,ajouter,une parole,NaN,advcl,obj,,30,32,ajouter,28,_,_,73,27,74
"Passepartout entendit la porte de la rue se fermer une première fois: c' était son nouveau maître qui sortait; puis une seconde fois: c' était son prédécesseur, James Forster, qui s' en allait à son tour.",Passepartout,entendit,la porte de la rue,nsubj,root,obj,1,2,4,entendre,0,_,_,74,28,75
"Passepartout entendit la porte de la rue se fermer une première fois: c' était son nouveau maître qui sortait; puis une seconde fois: c' était son prédécesseur, James Forster, qui s' en allait à son tour.",Passepartout,entendit,c' était son nouveau maître,nsubj,root,obl:mod,1,2,18,entendre,0,_,_,74,28,75
"Passepartout entendit la porte de la rue se fermer une première fois: c' était son nouveau maître qui sortait; puis une seconde fois: c' était son prédécesseur, James Forster, qui s' en allait à son tour.",Passepartout,fermer,une première fois,nsubj,xcomp,obl:mod,1,9,12,fermer,2,_,_,74,28,75
"Passepartout entendit la porte de la rue se fermer une première fois: c' était son nouveau maître qui sortait; puis une seconde fois: c' était son prédécesseur, James Forster, qui s' en allait à son tour.",qui,sortait,NaN,nsubj,acl:relcl,NaN,19,20,,sortir,18,57,PER,74,28,75
"Passepartout entendit la porte de la rue se fermer une première fois: c' était son nouveau maître qui sortait; puis une seconde fois: c' était son prédécesseur, James Forster, qui s' en allait à son tour.",qui,allait,s',nsubj,dep,expl:comp,35,38,36,aller,30,40,PER,74,28,75
"Passepartout entendit la porte de la rue se fermer une première fois: c' était son nouveau maître qui sortait; puis une seconde fois: c' était son prédécesseur, James Forster, qui s' en allait à son tour.",qui,allait,en,nsubj,dep,expl:comp,35,38,37,aller,30,40,PER,74,28,75
"Passepartout entendit la porte de la rue se fermer une première fois: c' était son nouveau maître qui sortait; puis une seconde fois: c' était son prédécesseur, James Forster, qui s' en allait à son tour.",qui,allait,à son tour,nsubj,dep,obl:mod,35,38,41,aller,30,40,PER,74,28,75
Passepartout demeura seul dans la maison de Saville - row.,Passepartout,demeura,dans la maison de Saville - row,nsubj,root,obl:mod,1,2,6,demeurer,0,32,LOC,75,29,76
